FDR,Accession
High,A0A0H3NNZ4
High,A0A0H3NIB3
High,A0A0H3N9T3
High,A0A0H3NEM4
High,A0A0H3N957
High,A0A0H3N962
High,A0A0H3NLV7
High,A0A0H3NGC8
High,A0A0H3N8Z5
High,A0A0H3NJ45
High,A0A0H3NCR8
High,A0A0H3NAM6
High,A0A0H3NCJ4
High,A0A0H3NAG7
High,A0A0H3NQV4
High,A0A0H3NH78
High,A0A0H3NBG3
High,A0A0H3NIF1
High,A0A0H3NFB3
High,A0A0H3NPX0
High,A0A0H3N7M4
High,A0A0H3NCG3
High,A0A0H3NNN9
High,A0A0H3N9D1
High,A0A0H3NR16
High,A0A0H3NA75
High,A0A0H3NI82
High,E1WAU5
High,A0A0H3NIZ3
High,A0A0H3NRH8
High,A0A0H3NEB1
High,A0A0H3NBQ0
High,A0A0H3NT12
High,A0A0H3NHZ9
High,A0A0H3NKB1
High,A0A0H3NMG4
High,A0A0H3NPU7
High,A0A0H3NC48
High,A0A0H3NIG9
High,A0A0H3NH09
High,A0A0H3NGZ5
High,A0A0H3NP98
High,A0A0H3NV46
High,A0A0H3NJI9
High,A0A0H3NE63
High,A0A0H3NJA8
High,A0A0H3NWH8
High,A0A0H3NPA2
High,A0A0H3NB09
High,A0A0H3NKQ9
High,A0A0H3NPF9
High,A0A0H3N9M7
High,A0A0H3NBY2
High,A0A0H3NHP0
High,A0A0H3NH15
High,A0A0H3NMU6
High,A0A0H3N916
High,A0A0H3NEC2
High,A0A0H3NLW5
High,A0A0H3NP26
High,A0A0H3NB12
High,A0A0H3N9Z8
High,A0A0H3NFL6
High,A0A0H3ND82
High,A0A0G2PMS1
High,A0A0H3NIU7
High,A0A0H3NJD6
High,A0A0H3NFQ6
High,A0A0H3NAD2
High,A0A0H3NV38
High,A0A0H3NJF2
High,A0A0H3NHU8
High,A0A0H3NBQ5
High,A0A0H3NDK2
High,A0A0H3NJN6
High,A0A0H3NVE4
High,A0A0H3N7V6
High,A0A0H3NKH8
High,A0A0H3NM73
High,A0A0H3NDJ2
High,A0A0H3NDG3
High,A0A0H3NMW4
High,A0A0H3NSB3
High,A0A0H3NH05
High,A0A0H3NHQ9
High,A0A0H3NJ42
High,A0A0H3NP22
High,A0A0H3NE47
High,A0A0H3NTD0
High,A0A0H3NPK6
High,A0A0H3N8B3
High,A0A0H3N8E3
High,A0A0H3NJQ1
High,A0A0H3NAZ4
High,A0A0H3NR00
High,A0A0H3NCT0
High,A0A0H3NIQ0
High,A0A0H3NR26
High,A0A0H3NCD1
High,A0A0H3NGF6
High,A0A0H3NMW9
High,A0A0H3NIL3
High,A0A0H3NHU2
High,A0A0H3NS81
High,A0A0H3NDV2
High,A0A0H3NEB4
High,A0A0H3NB32
High,A0A0H3NMB6
High,A0A0H3NDR3
High,A0A0H3NDL1
High,A0A0H3NCC6
High,A0A0H3NAU2
High,A0A0H3NFY6
High,A0A0H3NBG4
High,A0A0H3NKE1
High,A0A0H3NFH5
High,A0A0H3N852
High,A0A0H3NIR2
High,A0A0H3NJ64
High,A0A0H3NI84
High,A0A0H3NM77
High,A0A0H3NIK3
High,A0A0H3NH96
High,A0A0H3NFI2
High,A0A0H3NS35
High,A0A0H3NCW1
High,A0A0H3NEF6
High,A0A0H3NGG8
High,A0A0H3NL68
High,A0A0H3NDK6
High,A0A0H3NA16
High,A0A0H3NM87
High,A0A0H3NJK0
High,A0A0H3NE85
High,A0A0H3N8D8
High,A0A0H3NIH1
High,A0A0H3NVR3
High,A0A0H3NLM4
High,E1WAC6
High,A0A0H3NIN9
High,A0A0H3NH79
High,E1WAU4
High,A0A0H3NL37
High,A0A0H3NL52
High,E1WFA1
High,A0A0H3N8Z2
High,A0A0H3N8H3
High,A0A0H3NEM0
High,A0A0H3NFR8
High,A0A0H3NK42
High,A0A0H3NDW4
High,A0A0H3NIW9
High,A0A0H3NEY3
High,A0A0H3NKD1
High,E1WGF0
High,A0A0H3ND04
High,A0A0H3NBD6
High,A0A0H3NCW6
High,A0A0H3NYL3
High,A0A0H3NCF4
High,A0A0H3NH98
High,A0A0H3NEE6
High,A0A0H3NFV7
High,A0A0H3NXX3
High,A0A0H3NMB1
High,A0A0H3N7N9
High,A0A0H3NIX1
High,A0A0H3NPM9
High,A0A0H3N9S2
High,A0A0H3NFA4
High,A0A0H3NI16
High,A0A0H3NJA1
High,A0A0H3NCF8
High,A0A0H3NFZ2
High,A0A0H3NHN2
High,A0A0H3NDS8
High,A0A0H3NGY2
High,A0A0H3NF80
High,A0A0H3NDQ0
High,A0A0H3NNA2
High,A0A0H3NH01
High,A0A0H3NCP6
High,A0A0H3NAW8
High,A0A0H3NPF5
High,A0A0H3NIM7
High,A0A0H3NK71
High,A0A0H3ND48
High,A0A0H3NHZ1
High,A0A0H3NDK9
High,A0A0H3NEX0
High,A0A0H3NH69
High,A0A0H3NDH4
High,A0A0H3NDZ5
High,A0A0H3NEQ4
High,A0A0H3N950
High,A0A0H3NME1
High,A0A0H3NDR5
High,A0A0H3NJ17
High,A0A0H3NH34
High,A0A0H3NHT5
High,A0A0H3NFL3
High,A0A0H3NG19
High,A0A0H3NQ37
High,A0A0H3NI03
High,A0A0H3NDN0
High,A0A0H3N9B0
High,A0A0H3NKT7
High,A0A0H3N7F3
High,A0A0H3NGZ8
High,A0A0H3NIG4
High,A0A0H3NNW3
High,A0A0H3NH83
High,A0A0H3NIW5
High,A0A0H3NGL0
High,A0A0H3NED8
High,A0A0H3NH38
High,A0A0H3NGG9
High,A0A0H3NF48
High,A0A0H3NCZ1
High,A0A0H3P192
High,A0A0H3NGR7
High,A0A0H3NLS6
High,A0A0H3NIH0
High,A0A0H3NCQ6
High,A0A0H3NAI9
High,A0A0H3NJJ6
High,A0A0H3ND26
High,A0A0H3NBC6
High,A0A0H3NPT7
High,A0A0H3NCM7
High,A0A0H3NC50
High,A0A0H3NFQ5
High,A0A0H3NE98
High,A0A0H3N9M5
High,A0A0H3NHD1
High,A0A0H3NJL8
High,A0A0H3N9C1
High,A0A0H3NIV6
High,A0A0H3NKR7
High,A0A0H3NIX6
High,A0A0H3NFE8
High,A0A0H3NXK9
High,A0A0H3NEM7
High,A0A0H3NCU4
High,A0A0H3NI01
High,A0A0H3NGG7
High,A0A0H3NEC5
High,A0A0H3NF14
High,A0A0H3NL96
High,A0A0H3NEH2
High,A0A0H3NKX9
High,A0A0H3NL27
High,A0A0H3NT57
High,A0A0H3NJJ9
High,A0A0H3NJR8
High,A0A0H3NF87
High,A0A0H3NA02
High,A0A0H3N9L3
High,A0A0H3NDW6
High,A0A0H3NJ70
High,A0A0H3NHH6
High,A0A0H3N9N5
High,A0A0H3NBS8
High,A0A0H3NS28
High,A0A0H3NM16
High,A0A0H3NJK9
High,A0A0H3NHF8
High,A0A0H3NRE5
High,A0A0H3NCF5
High,A0A0H3NDL9
High,A0A0H3NLC1
High,A0A0H3NWA8
High,A0A0H3NPR4
High,A0A0H3NHD5
High,A0A0H3N9T8
High,A0A0H3NQ01
High,A0A0H3NIU8
High,A0A0H3NKA6
High,A0A0H3NWY8
High,A0A0H3NG11
High,A0A0H3NDZ2
High,A0A0H3NF64
High,A0A0H3NL58
High,A0A0H3NER6
High,A0A0H3P188
High,A0A0H3NAA4
High,A0A0H3N7Z5
High,A0A0H3NHD4
High,A0A0H3NKZ8
High,A0A0H3NHA5
High,A0A0H3NBR8
High,A0A0H3NDF2
High,A0A0H3NNT3
High,A0A0H3NN31
High,A0A0H3NJU7
High,A0A0H3NHY5
High,A0A0H3N9S4
High,A0A0H3NF89
High,A0A0H3NLA5
High,A0A0H3NBL7
High,A0A0H3NLE0
High,A0A0H3NFG7
High,A0A0H3ND68
High,A0A0H3NDE2
High,A0A0H3NEA5
High,A0A0H3NC31
High,A0A0H3NEY4
High,A0A0H3NJ76
High,A0A0H3NJ18
High,A0A0H3NDR9
High,A0A0H3NAC8
High,A0A0H3NG09
High,A0A0H3NC01
High,A0A0H3NJQ5
High,A0A0H3N850
High,A0A0H3NB00
High,A0A0H3N804
High,A0A0H3NGW8
High,A0A0H3NI94
High,A0A0H3NLH5
High,A0A0H3NKD9
High,A0A0H3NC49
High,A0A0H3ND45
High,A0A0H3NJB1
High,A0A0H3NBB0
High,A0A0H3P081
High,A0A0H3NL38
High,A0A0H3NM79
High,A0A0H3NNT2
High,A0A0H3N9M1
High,A0A0H3P177
High,A0A0H3NGZ2
High,A0A0H3N9I3
High,A0A0H3NFL2
High,A0A0H3NH51
High,A0A0H3NGX1
High,A0A0H3N9N1
High,A0A0H3NHR4
High,A0A0H3NRD4
High,A0A0H3NRK4
High,A0A0H3NIE0
High,A0A0H3NGY0
High,A0A0H3NEJ1
High,A0A0H3NNR2
High,A0A0H3NUB6
High,A0A0H3NA37
High,A0A0H3NAK6
High,E1WAC8
High,A0A0H3NE44
High,A0A0H3N8Y8
High,A0A0H3NH80
High,A0A0H3N8H8
High,A0A0H3NLX1
High,A0A0H3NVV1
High,A0A0H3NMB9
High,A0A0H3NAY0
High,A0A0H3NDZ7
High,A0A0H3NA94
High,A0A0H3N9S6
High,A0A0H3NDQ2
High,A0A0H3NHF2
High,A0A0H3NBT7
High,A0A0H3NE99
High,A0A0H3N9R9
High,A0A0H3N9V9
High,A0A0H3NK66
High,A0A0H3NI88
High,A0A0H3NE23
High,A0A0H3NB52
High,A0A0H3NE49
High,A0A0H3NUG9
High,A0A0H3NBP3
High,A0A0H3NJA2
High,A0A0H3NHL3
High,A0A0H3NIE8
High,A0A0H3NLQ8
High,A0A0H3NH16
High,A0A0H3NFY4
High,A0A0H3NHX0
High,A0A0H3NGS0
High,A0A0H3NXF6
High,A0A0H3ND87
High,A0A0H3NWN1
High,A0A0H3N8V7
High,A0A0H3NDI1
High,A0A0H3NN91
High,A0A0H3NJW0
High,A0A0H3NEN3
High,A0A0H3NH18
High,A0A0H3NRZ3
High,A0A0H3N968
High,A0A0H3NEZ1
High,A0A0H3NPL5
High,A0A0H3N884
High,A0A0H3NXW4
High,A0A0H3ND56
High,A0A0H3ND65
High,A0A0H3ND09
High,A0A0H3NF46
High,A0A0H3NCA6
High,A0A0H3NBE5
High,A0A0H3NKN8
High,A0A0H3NEE0
High,A0A0H3NLY3
High,A0A0H3NKE0
High,A0A0H3NAH3
High,A0A0H3NGP6
High,A0A0H3NBW6
High,A0A0H3NE08
High,A0A0H3N8Z8
High,A0A0H3NG44
High,A0A0H3NH43
High,A0A0H3NCD8
High,A0A0H3NP86
High,A0A0H3P010
High,A0A0H3N9B4
High,A0A0H3NEC8
High,A0A0H3NK45
High,A0A0H3NEM2
High,A0A0H3NIL5
High,A0A0H3NU81
High,A0A0H3NHV3
High,A0A0H3N8X2
High,A0A0H3NII6
High,A0A0H3NM23
High,A0A0H3N894
High,A0A0H3NYF3
High,A0A0H3NID8
High,A0A0H3NJ55
High,A0A0H3NIX2
High,A0A0H3NG60
High,A0A0H3NE79
High,A0A0H3NGS7
High,A0A0H3NQ36
High,A0A0H3NI80
High,A0A0H3NI68
High,A0A0H3NBX8
High,A0A0H3NE29
High,A0A0H3NFU5
High,A0A0H3NC19
High,A0A0H3NF40
High,A0A0H3NDY0
High,A0A0H3NH46
High,A0A0H3NJJ2
High,A0A0H3N9K4
High,A0A0H3NPP5
High,A0A0H3NKH1
High,A0A0H3NMP4
High,A0A0H3NXY4
High,A0A0H3NDI2
High,A0A0H3NFF1
High,A0A0H3NDB8
High,A0A0H3NHL9
High,A0A0H3NIA3
High,A0A0H3NLS8
High,A0A0H3N8L4
High,A0A0H3NEN8
High,A0A0H3NMS0
High,A0A0H3NBV2
High,A0A0H3NIQ6
High,A0A0H3N937
High,A0A0H3NEN1
High,A0A0H3NJP4
High,A0A0H3NN13
High,A0A0H3NCW5
High,A0A0H3NVU8
High,A0A0H3NM26
High,A0A0H3N8B6
High,A0A0H3NLP6
High,A0A0H3ND86
High,A0A0H3NIK7
High,A0A0H3NK19
High,A0A0H3NFW3
High,A0A0H3NIX5
High,A0A0H3NGU5
High,A0A0H3NNJ1
High,A0A0H3NAN8
High,A0A0H3NGY1
High,A0A0H3NNL2
High,A0A0H3NI34
High,A0A0H3NFZ4
High,A0A0H3N9F8
High,A0A0H3N9D6
High,A0A0H3NE57
High,A0A0H3NMA2
High,A0A0H3N9H9
High,A0A0H3NAQ1
High,A0A0H3NP42
High,E1WFA0
High,A0A0H3NRR9
High,A0A0H3NND7
High,A0A0H3NM92
High,A0A0H3NYS8
High,A0A0H3NKF9
High,A0A0H3NMN6
High,A0A0H3NDT8
High,A0A0H3NIT9
High,A0A0H3NBS6
High,A0A0H3NMY0
High,A0A0H3NH89
High,A0A0H3NLR3
High,A0A0H3NBZ4
High,A0A0H3NHI7
High,A0A0H3NFJ1
High,A0A0H3NKM9
High,A0A0H3NGD9
High,A0A0H3NWV8
High,E1WGG8
High,A0A0H3N7V0
High,A0A0H3NMK3
High,A0A0H3NGK0
High,A0A0H3NP35
High,A0A0H3NML3
High,A0A0H3NN75
High,A0A0H3NG02
High,A0A0H3NG56
High,A0A0H3NQY3
High,A0A0H3NBF5
High,A0A0H3NA74
High,A0A0H3NIW1
High,A0A0H3NDD7
High,A0A0H3NLU9
High,A0A0H3NJB8
High,A0A0H3NIE9
High,A0A0H3NKB7
High,A0A0H3N7Q4
High,A0A0H3NMI2
High,A0A0H3NJQ6
High,A0A0H3NM53
High,A0A0H3NAI1
High,A0A0H3NKE9
High,A0A0H3NPC7
High,A0A0H3NSU0
High,A0A0H3NI56
High,A0A0H3NFY5
High,A0A0H3NL87
High,A0A0H3NEN0
High,A0A0H3NH20
High,A0A0H3NN98
High,A0A0H3NH31
High,A0A0H3NCL7
High,A0A0H3NDA5
High,A0A0H3NC08
High,A0A0H3NQW9
High,A0A0H3NNT6
High,A0A0H3NVH0
High,A0A0H3NEW2
High,A0A0H3N8M9
High,A0A0H3NC78
High,A0A0H3NDW9
High,E1WAC0
High,A0A0H3NXF0
High,A0A0H3NDF6
High,A0A0H3NIS3
High,A0A0H3NEY2
High,A0A0H3N866
High,A0A0H3NPN9
High,A0A0H3ND89
High,A0A0H3NTL9
High,A0A0H3NWG0
High,A0A0H3NUN6
High,A0A0H3N8W7
High,A0A0H3NIA1
High,A0A0H3NEN6
High,E1WIS2
High,A0A0H3P0A4
High,A0A0H3NDN3
High,A0A0H3NJ08
High,A0A0H3NCE6
High,A0A0H3NCT3
High,A0A0H3NA56
High,A0A0H3NI99
High,A0A0H3N9P8
High,A0A0H3NAB1
High,A0A0H3NDN5
High,A0A0H3NE05
High,A0A0H3NAQ9
High,A0A0H3N9Z7
High,A0A0H3NHP1
High,A0A0H3NNY6
High,A0A0H3NIA5
High,A0A0H3NFA9
High,A0A0H3ND08
High,A0A0H3NB60
High,A0A0H3NK36
High,A0A0H3NHQ3
High,A0A0H3NSA8
High,A0A0H3NBJ7
High,A0A0H3NBC9
High,A0A0H3NHZ6
High,A0A0H3NLY5
High,A0A0H3NDA3
High,A0A0H3NH64
High,A0A0H3NLI8
High,A0A0H3NUD0
High,A0A0H3NMF7
High,A0A0H3NIG0
High,A0A0H3NIP0
High,A0A0H3NL53
High,A0A0H3NED3
High,A0A0H3NE12
High,A0A0H3NXI8
High,A0A0H3NMT2
High,A0A0H3NAH4
High,A0A0H3NEU5
High,A0A0H3NAX5
High,A0A0H3NIK4
High,A0A0H3NJK8
High,A0A0H3NT75
High,A0A0H3NCY7
High,A0A0H3NE16
High,A0A0H3NHT9
High,A0A0H3NAX0
High,A0A0H3NLZ8
High,A0A0H3NX80
High,A0A0H3NIB7
High,A0A0H3NAP8
High,A0A0H3N961
High,A0A0H3NLD8
High,A0A0H3NFF8
High,A0A0H3NHC6
High,A0A0H3N9J5
High,A0A0H3NDE7
High,A0A0H3NTQ2
High,A0A0H3NU38
High,A0A0H3NQC5
High,A0A0H3N7Q0
High,A0A0H3NGF4
High,A0A0H3NKW9
High,A0A0H3NIT2
High,A0A0H3N9R0
High,A0A0H3NRJ2
High,A0A0H3NJ47
High,A0A0H3NJ07
High,A0A0H3NDE3
High,A0A0H3NSV8
High,A0A0H3NEM8
High,A0A0H3NHB8
High,A0A0H3NQZ5
High,A0A0H3NUA7
High,A0A0H3N928
High,A0A0H3NCM8
High,A0A0H3P075
High,A0A0H3NX93
High,A0A0H3NBD2
High,A0A0H3N9T7
High,A0A0H3NHX6
High,A0A0H3NJ06
High,A0A0H3N8D3
High,A0A0H3NEY8
High,A0A0H3NGV5
High,A0A0H3NGI8
High,A0A0H3P1B8
High,A0A0H3NB04
High,A0A0H3NAD4
High,A0A0H3N7D5
High,A0A0H3NHB7
High,A0A0H3NJG5
High,A0A0H3NIB2
High,A0A0H3NH87
High,A0A0H3NIK6
High,A0A0H3NAW3
High,A0A0H3NDQ5
High,E1W874
High,A0A0H3N924
High,A0A0H3NP03
High,A0A0H3NGQ6
High,A0A0H3NHF6
High,A0A0H3NH75
High,A0A0H3NGR2
High,A0A0H3NJ21
High,A0A0H3NFG1
High,A0A0H3NM44
High,A0A0H3NIQ4
High,A0A0H3NPK0
High,A0A0H3NEG7
High,A0A0H3NG20
High,A0A0H3NC32
High,A0A0H3NM15
High,A0A0H3NGI3
High,A0A0H3NFX6
High,A0A0H3NGG1
High,A0A0H3NHY9
High,A0A0H3NV88
High,A0A0H3NI39
High,A0A0H3N9L9
High,A0A0H3NMQ9
High,A0A0H3NDX8
High,A0A0H3NHE1
High,A0A0H3NJY0
High,A0A0H3N7W0
High,A0A0H3NAM4
High,A0A0H3NMJ6
High,A0A0H3NIR1
High,A0A0H3NUE5
High,A0A0H3NIG3
High,A0A0H3N9C6
High,A0A0H3NGI6
High,A0A0H3N9D9
High,A0A0H3NHR0
High,A0A0H3NS54
High,A0A0H3NE53
High,A0A0H3N9E7
High,A0A0H3NB84
High,A0A0H3NSL9
High,A0A0H3NBU2
High,A0A0H3NU77
High,A0A0H3N9I6
High,A0A0H3NS38
High,A0A0H3N8I3
High,A0A0H3NBY9
High,A0A0H3N7I0
High,A0A0H3NYS4
High,A0A0H3NTF7
High,A0A0H3NEG0
High,A0A0H3NDU3
High,A0A0H3NJN9
High,A0A0H3NFR7
High,A0A0H3NE21
High,A0A0H3NFC0
High,A0A0H3NN19
High,A0A0H3NH54
High,A0A0H3NIZ5
High,A0A0H3NLM0
High,A0A0H3N9J0
High,A0A0H3N983
High,A0A0H3NC41
High,A0A0H3NLH4
High,A0A0H3NEM6
High,A0A0H3NC87
High,A0A0H3NHT1
High,A0A0H3NBE0
High,A0A0H3NE87
High,A0A0H3ND66
High,A0A0H3NKC2
High,A0A0H3ND22
High,E1WAA4
High,E1WAB2
High,A0A0H3NXT3
High,A0A0H3NMY9
High,A0A0H3N9F1
High,A0A0H3NHC0
High,A0A0H3NHG6
High,A0A0H3NDH2
High,A0A0H3NRH2
High,A0A0H3NIV8
High,A0A0H3NIY2
High,A0A0H3NGC3
High,A0A0H3N9C9
High,A0A0H3NTZ1
High,A0A0H3NDL3
High,E1WA38
High,A0A0H3NUZ2
High,A0A0H3N9V6
High,A0A0H3N925
High,A0A0H3NA71
High,A0A0H3NPW6
High,A0A0H3NCI0
High,A0A0H3NFX0
High,A0A0H3NAR7
High,A0A0H3NNZ6
High,A0A0H3NIC7
High,A0A0H3NKJ6
High,A0A0H3NDB3
High,A0A0H3NEC9
High,A0A0H3NGW1
High,A0A0H3N990
High,A0A0H3NIS1
High,A0A0H3NLU6
High,A0A0H3NN06
High,A0A0H3N7S1
High,A0A0H3NLW4
High,A0A0H3NFF4
High,A0A0H3NHT8
High,A0A0H3NM65
High,A0A0H3NBY3
High,A0A0H3NFG5
High,A0A0H3NEL5
High,A0A0H3NP16
High,A0A0H3NFS0
High,A0A0H3NB20
High,A0A0H3NR73
High,A0A0H3NI69
High,A0A0H3NBZ1
High,A0A0H3NJ83
High,A0A0H3NYT6
High,A0A0H3N7S5
High,A0A0H3NGF9
High,A0A0H3NLP3
High,A0A0H3NHV4
High,A0A0H3NDF0
High,A0A0H3NFU2
High,A0A0H3NUL5
High,A0A0H3N7Y6
High,A0A0H3NLU3
High,A0A0H3NH59
High,A0A0H3NG93
High,A0A0H3NMC1
High,A0A0H3NKT0
High,A0A0H3NDI5
High,A0A0H3NIC9
High,A0A0H3NFZ7
High,A0A0H3NBB9
High,A0A0H3NIL4
High,A0A0H3N9T1
High,A0A0H3NMC4
High,A0A0H3NIL6
High,A0A0H3NBH9
High,A0A0H3N9Y7
High,A0A0H3NHJ2
High,A0A0H3N830
High,A0A0H3NDF9
High,A0A0H3NL17
High,A0A0H3NLN5
High,A0A0H3NG62
High,A0A0H3NGP1
High,A0A0H3NE93
High,A0A0H3N7V2
High,A0A0H3NHG4
High,A0A0H3NAW7
High,A0A0H3NG22
High,A0A0H3NR47
High,A0A0H3NRU4
High,A0A0H3NVC6
High,A0A0H3NH66
High,A0A0H3NEV4
High,A0A0H3NB53
High,A0A0H3NJX6
High,A0A0H3NU87
High,A0A0H3NQ50
High,A0A0H3N9K7
High,A0A0H3NG75
High,A0A0H3NX75
High,A0A0H3NFZ6
High,A0A0H3NJJ0
High,A0A0H3NNM6
High,A0A0H3NK11
High,A0A0H3NDP6
High,A0A0H3NE89
High,A0A0H3NAR5
High,A0A0H3NGB7
High,A0A0H3NHH1
High,A0A0H3NIF8
High,A0A0H3NB92
High,A0A0H3NSX3
High,A0A0H3NHI9
High,A0A0H3NHU6
High,A0A0H3NCQ2
High,A0A0H3NHC8
High,A0A0H3NYV9
High,A0A0H3NGE4
High,A0A0H3NMI3
High,A0A0H3NJA9
High,A0A0H3NNI3
High,A0A0H3ND75
High,A0A0H3NCS4
High,A0A0H3N946
High,A0A0H3NIC0
High,A0A0H3NCF0
High,A0A0H3NKY9
High,A0A0H3NI81
High,A0A0H3NUS7
High,A0A0H3NHZ8
High,A0A0H3NHW2
High,A0A0H3NCR0
High,A0A0H3NAK0
High,A0A0H3NC52
High,A0A0H3NBN6
High,A0A0H3NYT2
High,A0A0H3N9Z3
High,A0A0H3NKG9
High,A0A0H3NP23
High,A0A0H3NJ68
High,A0A0H3NF16
High,A0A0H3NS87
High,A0A0H3NKR2
High,A0A0H3NLQ9
High,A0A0H3NLT4
High,A0A0H3NWG9
High,A0A0H3NV19
High,A0A0H3NFT5
High,A0A0H3N9S1
High,A0A0H3NTK3
High,A0A0H3NHP7
High,A0A0H3N9Z1
High,A0A0H3NEP7
High,E1WGG9
High,A0A0H3NWG4
High,A0A0H3ND19
High,A0A0H3NA07
High,A0A0H3NW61
High,A0A0H3NIT6
High,A0A0H3NRB0
High,A0A0H3NL49
High,A0A0H3NEH3
High,A0A0H3NIP3
High,A0A0H3NV54
High,A0A0H3N9X5
High,A0A0H3NCD4
High,A0A0H3NIX3
High,A0A0H3NPJ0
High,A0A0H3NBA5
High,A0A0H3NF25
High,A0A0H3NGL6
High,A0A0H3NA63
High,A0A0H3P1B2
High,A0A0H3N8F8
High,A0A0H3NHK2
High,A0A0H3NG81
High,A0A0H3N8Q7
High,A0A0H3NKK1
High,A0A0H3NV41
High,A0A0H3NEU6
High,A0A0H3NEE2
High,A0A0H3NMD7
High,A0A0H3NGK1
High,A0A0H3NHN7
High,A0A0H3NA13
High,A0A0H3NV77
High,A0A0H3NND3
High,A0A0H3NL42
High,A0A0H3ND30
High,A0A0H3NGW2
High,A0A0H3NH94
High,A0A0H3NIG1
High,A0A0H3NHG5
High,A0A0H3N967
High,A0A0H3NC15
High,A0A0H3NB31
High,A0A0H3NMA6
High,A0A0H3NAP1
High,A0A0H3NID3
High,A0A0H3NL20
High,A0A0H3NG52
High,A0A0H3NGF5
High,A0A0H3NN86
High,A0A0H3NG78
High,A0A0H3NJH5
High,A0A0H3NDP2
High,A0A0H3NBK4
High,A0A0H3NHG2
High,A0A0H3NED0
High,A0A0H3NMF0
High,A0A0H3NG91
High,A0A0H3NB33
High,A0A0H3NIZ0
High,A0A0H3NIZ9
High,A0A0H3NGS5
High,A0A0H3NKD0
High,A0A0H3NGC2
High,A0A0H3NAH7
High,A0A0H3NIW6
High,A0A0H3NHV9
High,A0A0H3NN63
High,A0A0H3NDM8
High,A0A0H3NAN9
High,A0A0H3NB70
High,A0A0H3NCB9
High,A0A0H3NHF3
High,A0A0H3N7N4
High,A0A0H3NJI3
High,E1WAQ4
High,A0A0H3NV83
High,A0A0H3NE22
High,A0A0H3NK75
High,A0A0H3N9W0
High,A0A0H3NAJ4
High,A0A0H3NC79
High,A0A0H3NKH9
High,A0A0H3NW99
High,A0A0H3NDN2
High,A0A0H3NJ38
High,A0A0H3NXL4
High,A0A0H3NFR9
High,A0A0H3NHE6
High,A0A0H3NNJ2
High,A0A0H3NHN3
High,A0A0H3NC13
High,A0A0H3NM33
High,A0A0H3NFC9
High,A0A0H3NAQ3
High,A0A0H3NJH1
High,A0A0H3NVY3
High,A0A0H3NE30
High,A0A0H3NAN5
High,E1WAB5
High,A0A0H3NU95
High,A0A0H3NHW0
High,A0A0H3NF06
High,A0A0H3NI37
High,A0A0H3NW85
High,A0A0H3NML0
High,A0A0H3NP62
High,A0A0H3NDK1
High,A0A0H3NIK9
High,A0A0H3NBV8
High,A0A0H3NFL8
High,A0A0H3NE43
High,A0A0H3N9V0
High,A0A0H3N9D5
High,A0A0H3NEV1
High,A0A0H3NI93
High,A0A0H3N9E1
High,A0A0H3NJ31
High,A0A0H3N926
High,A0A0H3NDL6
High,A0A0H3NIQ8
High,A0A0H3NCM3
High,A0A0H3NK26
High,A0A0H3NW54
High,A0A0H3NNB2
High,A0A0H3NJH6
High,A0A0H3NQ15
High,A0A0H3NKR1
High,A0A0H3N8U0
High,A0A0H3NKU6
High,A0A0H3NFJ4
High,A0A0H3NBQ1
High,A0A0H3NAN4
High,A0A0H3NRN3
High,A0A0H3NTS0
High,A0A0H3N9A0
High,A0A0H3NIL0
High,A0A0H3N8V0
High,A0A0H3NCJ8
High,A0A0H3N932
High,A0A0H3NRG8
High,A0A0H3NGW9
High,A0A0H3NF77
High,A0A0H3NLF4
High,A0A0H3NSC0
High,A0A0H3NRY1
High,A0A0H3NK25
High,A0A0H3NFD8
High,E1WAE4
High,A0A0H3N8T4
High,A0A0H3NU44
High,A0A0H3NJI8
High,A0A0H3NKP1
High,A0A0H3NEZ8
High,A0A0H3NQ41
High,A0A0H3NJ61
High,A0A0H3NHI3
High,A0A0H3NYR9
High,A0A0H3NTI1
High,A0A0H3NMX9
High,A0A0H3NDB2
High,A0A0H3ND10
High,A0A0H3NGQ8
High,A0A0H3NJI0
High,A0A0H3NG01
High,A0A0H3NWC4
High,A0A0H3NPQ5
High,A0A0H3NB69
High,A0A0H3NX92
High,A0A0H3NC70
High,A0A0H3NJP3
High,A0A0H3NDU2
High,A0A0H3NID6
High,A0A0H3NG55
High,A0A0H3NJD9
High,A0A0H3NAW2
High,A0A0H3NIG8
High,A0A0H3ND64
High,A0A0H3NH24
High,A0A0H3NM58
High,A0A0H3N929
High,A0A0H3NFD4
High,A0A0H3NHB2
High,A0A0H3NLB2
High,A0A0H3NFT9
High,A0A0H3NKU4
High,A0A0H3NIN1
High,A0A0H3NK16
High,A0A0H3NFM9
High,A0A0H3NEF9
High,A0A0H3NYU3
High,A0A0H3NV72
High,A0A0H3NTD9
High,A0A0H3NFN5
High,A0A0H3NGQ1
High,A0A0H3NNK3
High,A0A0H3NIE6
High,A0A0H3NCJ0
High,A0A0H3NGE0
High,A0A0H3NMX5
High,A0A0H3NJB2
High,A0A0H3NGR9
High,A0A0H3NK57
High,A0A0H3NTC4
High,A0A0H3NZZ2
High,A0A0H3NI18
High,A0A0H3N7D0
High,A0A0H3N8U8
High,A0A0H3N988
High,A0A0H3NSG9
High,A0A0H3NKV1
High,A0A0H3NJ63
High,A0A0H3NFM6
High,A0A0H3NIH6
High,A0A0H3NGU6
High,A0A0H3NB28
High,A0A0H3NBL9
High,A0A0H3NLN1
High,A0A0H3NQL0
High,A0A0H3NM98
High,A0A0H3NBD1
High,A0A0H3NF23
High,A0A0H3NHU1
High,A0A0H3NFT0
High,A0A0H3NCY8
High,A0A0H3NEX8
High,A0A0H3NG48
High,A0A0H3NSA3
High,A0A0H3NK92
High,A0A0H3NNS0
High,A0A0H3NIL2
High,A0A0H3NKP0
High,A0A0H3NFD6
High,A0A0H3NEI6
High,A0A0H3NP94
High,A0A0H3NCN1
High,A0A0H3NL66
High,A0A0H3NHD2
High,A0A0H3ND98
High,A0A0H3NDD6
High,A0A0H3NE10
High,A0A0H3NQP3
High,A0A0H3N891
High,A0A0H3NJW7
High,A0A0H3NNK8
High,A0A0H3NGF2
High,A0A0H3NE54
High,A0A0H3NCH0
High,A0A0H3NVG2
High,A0A0H3NAF5
High,A0A0H3ND92
High,A0A0H3NG25
High,A0A0H3NHS8
High,A0A0H3NB37
High,A0A0H3N7Z2
High,A0A0H3NM35
High,A0A0H3NBK8
High,A0A0H3NFT8
High,A0A0H3NJM6
High,A0A0H3N8A6
High,A0A0H3N9G9
High,A0A0H3NJP9
High,A0A0H3NSD0
High,A0A0H3NHI0
High,A0A0H3NG17
High,A0A0H3NHC3
High,A0A0H3NAY8
High,A0A0H3N8I8
High,A0A0H3NN60
High,A0A0H3NB41
High,A0A0H3NEA9
High,A0A0H3NNC0
High,A0A0H3NFT1
High,A0A0H3NGH5
High,A0A0H3NDL4
High,A0A0H3NA48
High,A0A0H3NNF3
High,A0A0H3NKN4
High,A0A0H3NNW7
High,A0A0H3NRR3
High,A0A0H3NGM8
High,A0A0H3NEL4
High,A0A0H3NGK4
High,A0A0H3ND32
High,A0A0H3NMR5
High,A0A0H3NPN3
High,A0A0H3NVJ7
High,A0A0H3NGP3
High,A0A0H3NHX9
High,A0A0H3NES0
High,A0A0H3NT07
High,A0A0H3N8J9
High,A0A0H3NGK5
High,A0A0H3NB47
High,A0A0H3N993
High,A0A0H3NDY7
High,A0A0H3NJD1
High,A0A0H3NIG5
High,A0A0H3N939
High,A0A0H3NMS6
High,A0A0H3NV02
High,A0A0H3NHN1
High,A0A0H3NJM9
High,A0A0H3NM41
High,A0A0H3NGE9
High,A0A0H3NDC4
High,A0A0H3NX56
High,A0A0H3NDJ5
High,A0A0H3NEP1
High,A0A0H3NCC4
High,A0A0H3NK95
High,A0A0H3NJ32
High,A0A0H3NA64
High,A0A0H3NLN2
High,A0A0H3NIH7
High,A0A0H3NPY6
High,A0A0H3P012
High,A0A0H3NGM6
High,A0A0H3NF08
High,A0A0H3NA28
High,A0A0H3NGB2
High,A0A0H3NAM1
High,A0A0H3N8R3
High,A0A0H3NCA7
High,A0A0H3NF99
High,A0A0H3NJE9
High,A0A0H3NJN5
High,A0A0H3NJ98
High,A0A0H3NQ07
High,A0A0H3N9P1
High,A0A0H3NH73
High,A0A0H3NIV4
High,A0A0H3NFV8
High,A0A0H3NH37
High,A0A0H3NTR4
High,A0A0H3NPC0
High,A0A0H3NDC3
High,A0A0H3N7J7
High,A0A0H3NJT6
High,A0A0H3NQW3
High,A0A0H3NLC0
High,A0A0H3ND59
High,A0A0H3NGG5
High,A0A0H3NIT1
High,A0A0H3NQ25
High,A0A0H3NI83
High,A0A0H3NF30
High,A0A0H3NLE7
High,A0A0H3NBR4
High,A0A0H3N8R9
High,A0A0H3NF69
High,A0A0H3NB36
High,A0A0H3N8H1
High,A0A0H3NBJ3
High,A0A0H3N7Z6
High,A0A0H3NF75
High,A0A0H3NHE5
High,A0A0H3NVF4
High,A0A0H3N7T6
High,A0A0H3NDD4
High,A0A0H3NG10
High,A0A0H3NCK0
High,A0A0H3NW96
High,A0A0H3NMI8
High,A0A0H3N9Z5
High,A0A0H3NDE9
High,A0A0H3NC66
High,A0A0H3NJT7
High,A0A0H3NFV1
High,A0A0H3NGD2
High,A0A0H3NDH0
High,A0A0H3NC38
High,A0A0H3NNY8
High,A0A0H3NGS4
High,A0A0H3NHS5
High,A0A0H3N9U5
High,A0A0H3NTG2
High,A0A0H3NPK1
High,A0A0H3NIW2
High,A0A0H3NAU3
High,A0A0H3NHG3
High,A0A0H3NFE6
High,A0A0H3NEX7
High,A0A0H3NQ89
High,A0A0H3NGW5
High,A0A0H3NP74
High,A0A0H3NIW4
High,A0A0H3NCU0
High,A0A0H3NM81
High,A0A0H3N839
High,A0A0H3NE82
High,A0A0H3NF34
High,A0A0H3NB93
High,A0A0H3NBS4
High,A0A0H3NMA3
High,A0A0H3NAL3
High,A0A0H3NHK3
High,A0A0H3NWU4
High,A0A0H3NGC5
High,A0A0H3NJW2
High,A0A0H3NH82
High,A0A0H3NE09
High,A0A0H3NIE3
High,A0A0H3N986
High,A0A0H3NF93
High,A0A0H3NA46
High,A0A0H3NH61
High,A0A0H3NCR9
High,A0A0H3NPS6
High,A0A0H3NK15
High,A0A0H3NI19
High,A0A0H3NF11
High,A0A0H3NCB2
High,A0A0H3NDX2
High,A0A0H3NE35
High,A0A0H3NH99
High,A0A0H3NFP8
High,A0A0H3NDK5
High,A0A0H3NGG2
High,A0A0H3NDL5
High,A0A0H3NAL7
High,A0A0H3NM19
High,A0A0H3NBE1
High,A0A0H3NDC6
High,A0A0H3NFR4
High,A0A0H3NJ52
High,A0A0H3NPW4
High,A0A0H3NHR5
High,A0A0H3NHE9
High,A0A0H3NQ21
High,A0A0H3NIM0
High,A0A0H3NBC5
High,A0A0H3NE94
High,A0A0H3N869
High,A0A0H3NJN0
High,A0A0H3NB74
High,A0A0H3NG83
High,A0A0H3NIC3
High,A0A0H3NFW7
High,A0A0H3N8N8
High,A0A0H3N9R4
High,A0A0H3NJM5
High,A0A0H3NLA6
High,A0A0H3NBR0
High,A0A0H3NT89
High,A0A0H3NIN4
High,A0A0H3NJC7
High,A0A0H3NMP1
High,A0A0H3NWK5
High,A0A0H3NDT3
High,A0A0H3NIU5
High,A0A0H3NCU1
High,A0A0H3NKU8
High,A0A0H3NIY9
High,A0A0H3ND05
High,A0A0H3N9K3
High,A0A0H3NB56
High,A0A0H3NHE0
High,A0A0H3NEI9
High,A0A0H3NBV6
High,A0A0H3NCS2
High,A0A0H3NEZ5
High,A0A0H3N971
High,A0A0H3NX26
High,A0A0H3NR39
High,A0A0H3N7T0
High,A0A0H3NUM4
High,A0A0H3NJF4
High,A0A0H3NTA4
High,A0A0H3NW91
High,A0A0H3N907
High,A0A0H3NHK5
High,A0A0H3NKX3
High,A0A0H3NJP8
High,A0A0H3NI75
High,A0A0H3NMU1
High,A0A0H3NMY1
High,A0A0H3NCB5
High,A0A0H3NEN7
High,A0A0H3NEI2
High,A0A0H3NCJ6
High,A0A0H3NIK2
High,A0A0H3NIA8
High,A0A0H3NWL4
High,E1WH94
High,A0A0H3NU57
High,A0A0H3NDQ1
High,A0A0H3NC36
High,A0A0H3NCX0
High,A0A0H3NA98
High,A0A0H3NHP9
High,A0A0H3NTM9
High,A0A0H3NHV5
High,A0A0H3NK48
High,A0A0H3NFG0
High,A0A0H3NGW4
High,A0A0H3NIN3
High,A0A0H3NKP5
High,A0A0H3NBE8
High,A0A0H3NIE2
High,A0A0H3NIX0
High,A0A0H3NC58
High,A0A0H3NVK3
High,A0A0H3NG03
High,A0A0H3NEV8
High,A0A0H3NGT1
High,A0A0H3NHZ5
High,A0A0H3NH29
High,A0A0H3N9D2
High,A0A0H3NJL2
High,A0A0H3NH74
High,A0A0H3NH02
High,A0A0H3NK80
High,A0A0H3NII3
High,A0A0H3N977
High,A0A0H3NL47
High,A0A0H3NCU6
High,A0A0H3NHD3
High,A0A0H3NHB9
High,A0A0H3NVF0
High,A0A0H3NKT2
High,A0A0H3NME6
High,A0A0H3NFI6
High,A0A0H3NE52
High,A0A0H3NHJ6
High,A0A0H3NFJ2
High,A0A0H3NHQ1
High,A0A0H3NCT4
High,A0A0H3N7V5
High,A0A0H3ND93
High,A0A0H3NNE7
High,A0A0H3NLV3
High,A0A0H3NC43
High,A0A0H3NAL1
High,A0A0H3NJI1
High,A0A0H3NGU9
High,A0A0H3NL78
High,A0A0H3NGY3
High,A0A0H3NJ35
High,A0A0H3N9P3
High,A0A0H3N8Q8
High,A0A0H3N9B1
High,A0A0H3NWD1
High,A0A0H3NFJ8
High,A0A0H3N8K2
High,A0A0H3NHL4
High,A0A0H3NJ03
High,A0A0H3N7X7
High,A0A0H3NAC0
High,A0A0H3NAK1
High,A0A0H3NNG3
High,A0A0H3NGM3
High,A0A0H3N8W6
High,A0A0H3NA62
High,A0A0H3NK81
High,A0A0H3NLK8
High,A0A0H3NIF7
High,A0A0H3NDZ4
High,A0A0H3NKP6
High,A0A0H3N7M9
High,A0A0H3NF49
High,A0A0H3NFN9
High,A0A0H3NHM7
High,A0A0H3NDQ7
High,A0A0H3NE13
High,A0A0H3NHS9
High,A0A0H3NFI4
High,A0A0H3N9J8
High,A0A0H3NLL2
High,A0A0H3NK68
High,A0A0H3NBL8
High,A0A0H3NMD8
High,A0A0H3NP10
High,A0A0H3NG85
High,A0A0H3N9Y5
High,A0A0H3NDT2
High,A0A0H3NCG2
High,A0A0H3NLZ5
High,A0A0H3NH00
High,A0A0H3NIK8
High,A0A0H3NBP1
High,A0A0H3NKF5
High,A0A0H3NAX6
High,A0A0H3NJ39
High,A0A0H3NL63
High,A0A0H3NJL5
High,A0A0H3NG30
High,A0A0H3NJ81
High,A0A0H3NAT8
High,A0A0H3NDJ4
High,A0A0H3NW66
High,A0A0H3NEW1
High,E1W823
High,A0A0H3NCN8
High,A0A0H3N9C2
High,A0A0H3NV32
High,A0A0H3NC22
High,A0A0H3N7L9
High,A0A0H3NCT9
High,A0A0H3NN77
High,A0A0H3NU14
High,A0A0H3NJR0
High,A0A0H3NRG4
High,A0A0H3NP77
High,A0A0H3NDA8
High,A0A0H3NPV4
High,A0A0H3NM13
High,A0A0H3NLG0
High,A0A0H3P197
High,A0A0H3NJ09
High,A0A0H3N8B1
High,A0A0H3NE25
High,A0A0H3NF38
High,A0A0H3N7W7
High,A0A0H3N8S6
High,A0A0H3NKQ2
High,A0A0H3N7P7
High,A0A0H3NU09
High,A0A0H3NF10
High,A0A0H3NIM1
High,A0A0H3NEJ3
High,A0A0H3NDS7
High,A0A0H3NCQ4
High,A0A0H3NC14
High,A0A0H3NL19
High,A0A0H3NJL1
High,A0A0H3N8I2
High,A0A0H3NPH9
High,A0A0H3NA27
High,A0A0H3NIF9
High,A0A0H3NER0
High,A0A0H3NJZ4
High,A0A0H3NM20
High,A0A0H3NBW1
High,A0A0H3NHB5
High,A0A0H3NLT0
High,A0A0H3NTP6
High,A0A0H3NMY6
High,A0A0H3NEW0
High,A0A0H3NGV6
High,A0A0H3NFM2
High,A0A0H3NCP8
High,A0A0H3NDX3
High,A0A0H3NVY8
High,A0A0H3NFK5
High,A0A0H3N9Y1
High,A0A0H3NJE8
High,A0A0H3N8V9
High,A0A0H3ND20
High,A0A0H3NMJ5
High,A0A0H3NI74
High,A0A0H3NLB5
High,A0A0H3NAP3
High,A0A0H3N8X4
High,A0A0H3NCW8
High,A0A0H3N958
High,A0A0H3NFQ1
High,A0A0H3NHN4
High,A0A0H3ND11
High,A0A0H3NNJ9
High,A0A0H3NIU6
High,A0A0H3NTV2
High,A0A0H3NN81
High,A0A0H3NAJ8
High,A0A0H3NCS6
High,A0A0H3NMC7
High,A0A0H3NCS9
High,A0A0H3NKG5
High,A0A0H3NFE7
High,A0A0H3NMT3
High,A0A0H3NFJ3
High,A0A0H3NER8
High,A0A0H3NJF7
High,A0A0H3NCM2
High,A0A0H3NIN2
High,A0A0H3NUM9
High,A0A0H3NE03
High,A0A0H3NG46
High,A0A0H3NC55
High,A0A0H3NJB3
High,A0A0H3NH08
High,A0A0H3NHT2
High,A0A0H3NFP0
High,A0A0H3NF43
High,E1WA34
High,A0A0H3N9U2
High,A0A0H3NAQ6
High,A0A0H3NDS2
High,A0A0H3NDV6
High,A0A0H3P1A7
High,A0A0H3NIX7
High,A0A0H3NJC4
High,A0A0H3NK73
High,A0A0H3N7W4
High,A0A0H3NVK9
High,A0A0H3NH85
High,A0A0H3NKV9
High,A0A0H3NDN9
High,A0A0H3N842
High,A0A0H3NC46
High,A0A0H3NCZ4
High,A0A0H3NLC5
High,A0A0H3NIL7
High,A0A0H3NHE3
High,A0A0H3NFA2
High,A0A0H3NL57
High,A0A0H3NQE7
High,A0A0H3N973
High,A0A0H3NIM9
High,A0A0H3NGL1
High,A0A0H3NLG6
High,A0A0H3NJK5
High,A0A0H3NWH4
High,A0A0H3NB18
High,A0A0H3NJY4
High,A0A0H3NCD5
High,A0A0H3NB62
High,A0A0H3NA85
High,A0A0H3NLF1
High,A0A0H3NDC8
High,A0A0H3NFD9
High,A0A0H3NI29
High,A0A0H3NSD6
High,A0A0H3NKP3
High,A0A0H3NFR1
High,A0A0H3NFE4
High,A0A0H3NSF0
High,A0A0H3N8Q3
High,A0A0H3NMV0
High,A0A0H3NKW8
High,A0A0H3NNK6
High,A0A0H3NKK4
High,A0A0H3NHK7
High,A0A0H3NJ13
High,A0A0H3NMZ6
High,A0A0H3NA24
High,A0A0H3N902
High,A0A0H3NRU9
High,A0A0H3N9P5
High,A0A0H3NGA5
High,A0A0H3NHJ7
High,A0A0H3NH93
High,A0A0H3N8Y9
High,A0A0H3NV08
High,A0A0H3NUI5
High,A0A0H3NAS5
High,A0A0H3NEL3
High,A0A0H3NBH6
High,A0A0H3NJF8
High,A0A0H3NGB1
High,A0A0H3NW79
High,A0A0H3NCX4
High,A0A0H3NEY1
High,A0A0H3NDH7
High,A0A0H3NKL0
High,A0A0H3ND74
High,A0A0H3NB21
High,A0A0H3NDM5
High,A0A0H3NHJ9
High,A0A0H3N9C8
High,A0A0H3NSZ5
High,A0A0H3NCZ9
High,A0A0H3NJS7
High,A0A0H3NDI7
High,A0A0H3NM24
High,A0A0H3N8C3
High,A0A0H3NCN6
High,A0A0H3P087
High,A0A0H3NLP1
High,A0A0H3NDB7
High,A0A0H3NGT2
High,A0A0H3NTJ7
High,A0A0H3NJ33
High,A0A0H3NYH7
High,A0A0H3NBG2
High,A0A0H3NNI7
High,A0A0H3NIB4
High,A0A0H3NI40
High,A0A0H3NFL5
High,A0A0H3N847
High,A0A0H3NGP7
High,A0A0H3NTU2
High,A0A0H3NE83
High,A0A0H3NF28
High,A0A0H3NX64
High,A0A0H3NKJ5
High,A0A0H3NF33
High,A0A0H3NPI6
High,A0A0H3NID0
High,A0A0H3NB06
High,A0A0H3NEL7
High,A0A0H3NX69
High,A0A0H3NHN9
High,A0A0H3NA09
High,A0A0H3NAY3
High,A0A0H3NCE8
High,A0A0H3N7L4
High,A0A0H3NHB4
High,A0A0H3NI33
High,A0A0H3NM68
High,E1WAB4
High,A0A0H3NBQ6
High,A0A0H3N9Y4
High,A0A0H3NGV7
High,A0A0H3NSR3
High,A0A0H3NC59
High,A0A0H3NHH9
High,A0A0H3NN94
High,A0A0H3NAK5
High,A0A0H3NBT2
High,A0A0H3ND72
High,A0A0H3NCY3
High,A0A0H3NK04
High,A0A0H3NSQ2
High,A0A0H3NS91
High,A0A0H3NSV2
High,A0A0H3NI61
High,A0A0H3NLC3
High,A0A0H3NTF2
High,A0A0H3N881
High,A0A0H3P1A0
High,A0A0H3NGA1
High,A0A0H3NJJ4
High,A0A0H3NA89
High,A0A0H3NBU5
High,A0A0H3N904
High,A0A0H3NHD8
High,A0A0H3NLT2
High,A0A0H3NP17
High,A0A0H3NGD5
High,A0A0G2PMS6
High,A0A0H3NQU8
High,A0A0H3NII5
High,A0A0H3NR97
High,A0A0H3N7T4
High,A0A0H3NIN5
High,A0A0H3N933
High,A0A0H3NFC3
High,A0A0H3NA08
High,A0A0H3NR84
High,A0A0H3NIM4
High,A0A0H3NBJ4
High,A0A0H3NI35
High,A0A0H3NJB0
High,A0A0H3NIK0
High,A0A0H3NFC8
High,A0A0H3NMF3
High,A0A0H3NRJ9
High,A0A0H3NE38
High,A0A0H3NJ87
High,A0A0H3NAB5
High,A0A0H3NNY9
High,A0A0H3NEM1
High,A0A0H3NDS5
High,A0A0H3NFN6
High,A0A0H3NJ22
High,A0A0H3NHF0
High,A0A0H3NE04
High,A0A0H3NVD3
High,A0A0H3NH53
High,A0A0H3NJR4
High,A0A0H3NCJ9
High,A0A0H3NAR0
High,A0A0H3NPE4
High,A0A0H3NC75
High,A0A0H3NGK9
High,A0A0H3NIA0
High,A0A0H3NC94
High,A0A0H3NR30
High,A0A0H3NQ47
High,A0A0H3NL25
High,A0A0H3NNU6
High,A0A0H3NJC9
High,A0A0H3NPS5
High,A0A0H3NGG0
High,A0A0H3NM46
High,A0A0H3NE51
High,A0A0H3NDY8
High,A0A0H3NB88
High,A0A0H3N9E5
High,A0A0H3N8K5
High,A0A0H3NHW4
High,A0A0H3NVW3
High,A0A0H3N9C5
High,A0A0H3NR89
High,A0A0H3N9J4
High,A0A0H3NAD6
High,A0A0H3NSF7
High,A0A0H3ND69
High,A0A0H3NG32
High,A0A0H3NBA6
High,A0A0H3NCR5
High,A0A0H3NWY1
High,A0A0H3NKU5
High,A0A0H3NK31
High,A0A0H3NNE0
High,A0A0H3NKI3
High,A0A0H3NCN2
High,A0A0H3NMG1
High,A0A0H3NBB6
High,A0A0H3NKK7
High,A0A0H3NLJ7
High,A0A0H3N7U6
High,A0A0H3NGN2
High,A0A0H3NKF0
High,A0A0H3NE42
High,A0A0H3NCR1
High,A0A0H3NE72
High,A0A0H3NHS7
High,A0A0H3NJ24
High,A0A0H3NHY1
High,A0A0H3NC90
High,A0A0H3NHW6
High,A0A0H3NDS3
High,A0A0H3NDV9
High,A0A0H3NI85
High,A0A0H3NCP5
High,A0A0H3NFS7
High,A0A0H3NSP6
High,A0A0H3NJR3
High,A0A0H3NCW0
High,A0A0H3NDR1
High,A0A0H3NL45
High,A0A0H3NMT0
High,A0A0H3NC54
High,A0A0H3NGS2
High,A0A0H3NIR6
High,A0A0H3NAQ7
High,A0A0H3N9W8
High,A0A0H3NF59
High,A0A0H3NDS1
High,A0A0H3NGH3
High,A0A0H3NGF7
High,A0A0H3NL83
High,A0A0H3NQ33
High,A0A0H3NXR8
High,A0A0H3NEA4
High,A0A0H3NLX5
High,A0A0H3NFH7
High,A0A0H3NHM9
High,A0A0H3NNQ1
High,A0A0H3NU72
High,A0A0H3P019
High,A0A0H3NJ96
High,A0A0H3NE73
High,A0A0H3NE86
High,A0A0H3NRQ8
High,A0A0H3NAM2
High,A0A0H3NA40
High,A0A0H3NM64
High,A0A0H3N7H3
High,A0A0H3NDK0
High,A0A0H3N8S8
High,A0A0H3NHZ3
High,A0A0H3NNI5
High,A0A0H3NAX3
High,A0A0H3NIS8
High,A0A0H3N800
High,A0A0H3NIF5
High,A0A0H3NDB1
High,A0A0H3NJ10
High,A0A0H3NJF5
High,A0A0H3NCG7
High,A0A0H3NCN3
High,A0A0H3NGK8
High,A0A0H3NHJ8
High,A0A0H3NJC5
High,A0A0H3NHG0
High,A0A0H3NI89
High,A0A0H3NJD7
High,A0A0H3NIS0
High,A0A0H3NQF8
High,A0A0H3NVD8
High,A0A0H3NLY8
High,A0A0H3ND14
High,A0A0H3NG37
High,A0A0H3NIF2
High,A0A0H3N949
High,A0A0H3NKV2
High,A0A0H3NXI2
High,A0A0H3NLB7
High,A0A0H3NDK8
High,A0A0H3NBT1
High,A0A0H3NK00
High,A0A0H3NDV0
High,A0A0H3N876
High,A0A0H3NK77
High,A0A0H3NFV4
High,A0A0H3N8U9
High,A0A0H3NLM1
High,A0A0H3NHH3
High,A0A0H3NFQ2
High,A0A0H3NRE0
High,A0A0H3NMK2
High,A0A0H3NDD0
High,A0A0H3NI10
High,A0A0H3NGN0
High,A0A0H3NST4
High,A0A0H3NAI2
High,A0A0H3NEP5
High,A0A0H3NH55
High,A0A0H3NIS9
High,A0A0H3NJ89
High,A0A0H3N8Z7
High,A0A0H3NDX5
High,A0A0H3NFX5
High,A0A0H3P187
High,A0A0H3N972
High,A0A0H3NC04
High,A0A0H3NIM8
High,A0A0H3NEB2
High,A0A0H3NHX4
High,A0A0H3NFK3
High,A0A0H3NBZ6
High,A0A0H3NNY3
High,A0A0H3NCH8
High,A0A0H3NIZ4
High,A0A0H3NDM2
High,A0A0H3NAD9
High,A0A0H3NAS0
High,A0A0H3NDL7
High,A0A0H3NG04
High,A0A0H3NNV1
High,A0A0H3NIB0
High,A0A0H3P042
High,A0A0H3N9V2
High,A0A0H3NF91
High,A0A0H3NHY6
High,A0A0H3NI07
High,A0A0H3NLD5
High,A0A0H3NLY2
High,A0A0H3NKI8
High,A0A0H3NUU9
High,A0A0H3NEE8
High,A0A0H3NGB6
High,A0A0H3NRS7
High,A0A0H3NDH6
High,A0A0H3NFA1
High,A0A0H3N8B8
High,A0A0H3P005
High,A0A0H3NHA7
High,A0A0H3NAA1
High,A0A0H3NES5
High,A0A0H3NF85
High,A0A0H3NAV1
High,A0A0H3NRR6
High,A0A0H3NJ04
High,A0A0H3NFX4
High,A0A0H3NH40
High,A0A0H3P199
High,A0A0H3NIV5
High,A0A0H3NDB4
High,A0A0H3NFW0
High,A0A0H3NJ15
High,A0A0H3ND62
High,A0A0H3NKJ1
High,A0A0H3NPD2
High,A0A0H3NGT9
High,A0A0H3N7H5
High,A0A0H3NIS2
High,A0A0H3NS69
High,A0A0H3NFZ9
High,A0A0H3NX38
High,A0A0H3NIW8
High,A0A0H3NH35
High,A0A0H3N8Y4
High,A0A0H3NQ82
High,A0A0H3N9F7
High,A0A0H3NA43
High,A0A0H3NMD3
High,A0A0H3NHR8
High,A0A0H3NGU1
High,A0A0H3NLR7
High,A0A0H3NKH6
High,A0A0H3NHS1
High,A0A0H3NDY3
High,A0A0H3N826
High,A0A0H3NGP9
High,A0A0H3NDN4
High,A0A0H3NDV8
High,A0A0H3NH11
High,A0A0H3NGH9
High,A0A0H3NI54
High,A0A0H3NDP0
High,A0A0H3N7G7
High,A0A0H3N981
High,A0A0H3NEE7
High,A0A0H3ND12
High,A0A0H3NKF6
High,A0A0H3NA69
High,A0A0H3NCB1
High,A0A0H3NBS9
High,A0A0H3NMP9
High,A0A0H3NKR8
High,A0A0H3NL28
High,A0A0H3NJ14
High,A0A0H3NIH2
High,A0A0H3NB80
High,A0A0H3NIH3
High,A0A0H3NHN0
High,A0A0H3P198
High,A0A0H3NNG2
High,A0A0H3NHE8
High,A0A0H3NJ90
High,A0A0H3NQQ6
High,A0A0H3N9F6
High,A0A0H3NR68
High,A0A0H3NDT1
High,A0A0H3NFR5
High,A0A0H3NMP0
High,A0A0H3ND55
High,A0A0H3NL31
High,A0A0H3NB07
High,A0A0H3NPB4
High,A0A0H3NE32
High,A0A0H3NDL2
High,A0A0H3NN11
High,A0A0H3NCN5
High,A0A0H3P176
High,A0A0H3NPT2
High,A0A0H3NGA8
High,A0A0H3NK62
High,A0A0H3NHZ0
High,A0A0H3NF98
High,A0A0H3NEZ4
High,A0A0H3NDI3
High,P0DUJ7
High,A0A0H3NJH7
High,A0A0H3P049
High,A0A0H3NHX7
High,A0A0H3NHF1
High,A0A0H3NPD8
High,A0A0H3NBC2
High,A0A0H3NIA9
High,A0A0H3NA44
High,A0A0H3N9C3
High,A0A0H3NG33
High,A0A0H3N7Y4
High,A0A0H3NJ67
High,A0A0H3NN68
High,A0A0H3NTW7
High,A0A0H3NT79
High,A0A0H3NV35
High,A0A0H3ND79
High,A0A0H3NXV7
High,A0A0H3NN41
High,A0A0H3NUK6
High,A0A0H3NCX9
High,A0A0H3NI04
High,A0A0H3NDZ1
High,A0A0H3NF02
High,A0A0H3NII9
High,A0A0H3NKQ0
High,A0A0H3NF44
High,A0A0H3NIR5
High,A0A0H3NJA4
High,A0A0H3NGR5
High,A0A0G2PMS3
High,A0A0H3NL67
High,A0A0H3NG23
High,A0A0H3N9F3
High,A0A0H3NHH8
High,A0A0H3NR44
High,A0A0H3NBA9
High,A0A0H3NGR4
High,A0A0H3NDJ3
High,A0A0H3NTI6
High,A0A0H3NKS4
High,A0A0H3NLL7
High,A0A0H3NID5
High,A0A0H3NFW8
High,A0A0H3NFU1
High,A0A0H3NSS7
High,A0A0H3NA80
High,A0A0H3NFI8
High,A0A0H3NA25
High,A0A0H3NNB7
High,A0A0H3NUZ9
High,A0A0H3NA53
High,A0A0H3NHH4
High,A0A0H3NIV9
High,A0A0H3NMQ1
High,A0A0H3NLV0
High,A0A0H3NH13
High,A0A0H3N8V5
High,A0A0H3NFI1
High,A0A0H3NDG6
High,A0A0H3NK87
High,A0A0H3NFV0
High,A0A0H3NNS1
High,A0A0H3NJA5
High,A0A0H3NNN0
High,A0A0H3NIJ0
High,A0A0H3ND06
High,A0A0H3NFB5
High,A0A0H3NQ63
High,A0A0H3NIJ8
High,A0A0H3NKX5
High,A0A0H3NI97
High,A0A0H3NG14
High,A0A0H3NCS5
High,A0A0H3NIP8
High,A0A0H3NIX8
High,A0A0H3NA81
High,A0A0H3NH63
High,A0A0H3NMS7
High,A0A0H3NLG9
High,A0A0H3NG57
High,A0A0H3NGJ4
High,A0A0H3NH68
High,A0A0H3NAY6
High,A0A0H3NWR5
High,A0A0H3NKA0
High,A0A0H3NGD3
High,A0A0H3NPY0
High,A0A0H3NFA5
High,A0A0H3NNX2
High,A0A0H3NHT0
High,A0A0H3NFK9
High,A0A0H3ND40
High,A0A0H3N9H5
High,A0A0H3NN90
High,A0A0H3ND34
High,A0A0H3NBI9
High,A0A0H3NEJ6
High,A0A0H3NJF9
High,A0A0H3NIA7
High,A0A0H3NC23
High,A0A0H3NBU7
High,A0A0H3NG15
High,A0A0H3NNW2
High,A0A0H3NBP7
High,A0A0H3NWN7
High,A0A0H3NPH0
High,A0A0H3N9I4
High,A0A0H3NKZ4
High,A0A0H3NU20
High,A0A0H3NH57
High,A0A0H3NPA9
High,A0A0H3NFY1
High,A0A0H3NBF2
High,A0A0H3NM85
High,A0A0H3NE58
High,A0A0H3NMT6
High,A0A0H3NLA2
High,A0A0H3NG86
High,A0A0H3NLY9
High,A0A0H3NFH1
High,A0A0H3NB15
High,A0A0H3NB44
High,A0A0H3NDK7
High,A0A0H3NJY3
High,A0A0H3NTY5
High,A0A0H3NL24
High,A0A0H3NCL4
High,A0A0H3NHN6
High,A0A0H3NS32
High,A0A0H3NIF4
High,A0A0H3NJK4
High,A0A0H3NLD1
High,A0A0H3N994
High,A0A0H3NNU8
High,A0A0H3NKZ6
High,A0A0H3NJF6
High,A0A0H3NHK4
High,A0A0H3NNC2
High,A0A0H3NJA7
High,A0A0H3NR34
High,A0A0H3NJD2
High,A0A0H3NG39
High,A0A0H3NI26
High,A0A0H3NER9
High,A0A0H3NV13
High,A0A0H3NGI2
High,A0A0H3NIZ1
High,A0A0H3NKS7
High,A0A0H3NIC5
High,A0A0H3NW74
High,A0A0H3NJY7
High,A0A0H3NG88
High,A0A0H3NBI5
High,A0A0H3NM59
High,A0A0H3NAW1
High,A0A0H3NKC9
High,A0A0H3NDW0
High,A0A0H3N9N6
High,A0A0H3NPT9
High,A0A0H3NKQ6
High,A0A0H3NC03
High,A0A0H3NSS0
High,A0A0H3NER1
High,A0A0H3NF39
High,A0A0H3NGS6
High,A0A0H3NIX9
High,A0A0H3NIR4
High,A0A0H3NXS3
High,A0A0H3NE76
High,A0A0H3NNN3
High,A0A0H3NIG7
High,A0A0H3NLB4
High,A0A0H3NGB5
High,A0A0H3NJC2
High,A0A0H3NF94
High,A0A0H3NDD3
High,A0A0H3NP92
High,A0A0H3ND01
High,A0A0H3NC61
High,A0A0H3NHA0
High,A0A0H3NFY2
High,A0A0H3NL74
High,A0A0H3NA82
High,A0A0H3NB27
High,A0A0H3N7K6
High,A0A0H3NPH5
High,A0A0H3NNX6
High,A0A0H3NUR8
High,E1W818
High,A0A0H3NCI3
High,A0A0H3N8V4
High,A0A0H3NUC4
High,A0A0H3NHA2
High,A0A0H3NQ28
High,A0A0H3NNE2
High,A0A0H3NK99
High,A0A0H3NBL2
High,A0A0H3NFX7
High,A0A0H3NHJ3
High,A0A0H3NVU2
High,A0A0H3NB98
High,A0A0H3NMM0
High,A0A0H3NK33
High,A0A0H3NIT8
High,A0A0H3NBY6
High,A0A0H3NJS3
High,A0A0H3NHX3
High,A0A0H3NGL3
High,A0A0H3NEE3
High,A0A0H3NHL8
High,A0A0H3NIL8
High,A0A0H3NJW5
High,A0A0H3NME4
High,A0A0H3NHW7
High,A0A0H3NHR1
High,A0A0H3NHZ7
High,A0A0H3NMZ2
High,A0A0H3NBB8
High,A0A0H3NF95
High,A0A0H3NBB1
High,A0A0H3NCF1
High,A0A0H3NFH2
High,A0A0H3NDJ8
High,A0A0H3NJ60
High,A0A0H3NBS1
High,A0A0H3NM83
High,A0A0H3NA21
High,A0A0H3N9F2
High,A0A0H3NMK5
High,A0A0H3NCR2
High,A0A0H3NPR0
High,A0A0H3NPT4
High,A0A0H3NJ02
High,A0A0H3NFP5
High,A0A0H3NIG2
High,A0A0H3NE67
High,A0A0H3NLA0
High,A0A0H3NCZ5
High,A0A0H3NC28
High,A0A0H3NIM5
High,A0A0H3N9Q0
High,A0A0H3P186
High,A0A0H3NH95
High,A0A0H3NYN3
High,A0A0H3NPJ4
High,A0A0H3NNF5
High,A0A0H3NGB9
High,A0A0H3NA15
High,A0A0H3NC05
High,A0A0H3NHX2
High,A0A0H3NAE6
High,A0A0H3NM56
High,A0A0H3NII1
High,A0A0H3NPV3
High,A0A0H3N9G3
High,A0A0H3NHP3
High,A0A0H3NBW0
High,A0A0H3NMB3
High,A0A0H3ND54
High,A0A0H3NLL6
High,A0A0H3NFF3
High,A0A0H3N944
High,A0A0H3N823
High,A0A0H3NIQ2
High,A0A0H3N8Q0
High,A0A0H3NCD0
High,A0A0H3NFV5
High,A0A0H3NGN8
High,A0A0H3NDP8
High,A0A0H3NTB9
High,A0A0H3N8E9
High,A0A0H3NAL9
High,A0A0H3NW27
High,A0A0H3NCP0
High,A0A0H3NH86
High,A0A0H3NDU8
High,A0A0H3NJC0
High,A0A0H3NA97
High,A0A0H3NNS4
High,A0A0H3NG12
High,A0A0H3NJ25
High,A0A0H3NCQ0
High,A0A0H3NEG3
High,A0A0H3NH07
High,A0A0H3NHR7
High,A0A0H3NTN5
High,A0A0H3NHM2
High,A0A0H3NG06
High,A0A0H3N941
High,A0A0H3NFN8
High,A0A0H3NIS7
High,A0A0H3NH67
High,A0A0H3NUZ6
High,A0A0H3NCW7
High,A0A0H3NGE3
High,A0A0H3ND61
High,A0A0H3NMM8
High,A0A0H3NKN1
High,A0A0H3N9H4
High,A0A0H3NBV1
High,A0A0H3NKA7
High,A0A0H3N8J2
High,A0A0H3NIU2
High,A0A0H3NJB9
High,A0A0H3NMH1
High,A0A0H3NK28
High,A0A0H3NGU2
High,A0A0H3N8Z4
High,A0A0H3NR53
High,A0A0H3NHF4
High,A0A0H3NIT4
High,A0A0H3NH62
High,A0A0H3NDW5
High,A0A0H3NLT6
High,A0A0H3NMF2
High,A0A0H3NDN8
High,A0A0H3NM03
High,A0A0H3NI59
High,A0A0H3NNJ6
High,A0A0H3N9Z0
High,A0A0H3NE00
High,A0A0H3NFM5
High,A0A0H3N9L2
High,A0A0H3NF82
High,A0A0H3ND13
High,A0A0H3N976
High,A0A0H3NED2
High,A0A0H3NUH7
High,A0A0H3N8H7
High,A0A0H3NGK7
High,A0A0H3N8J4
High,A0A0H3NM48
High,A0A0H3NJS0
High,A0A0H3NIA4
High,A0A0H3NS63
High,A0A0H3NQD1
High,A0A0H3NIM6
High,A0A0H3NAA9
High,A0A0H3NNU3
High,A0A0H3NAE7
High,A0A0H3N8P5
High,A0A0H3NH65
High,A0A0H3NW50
High,A0A0H3NHZ4
High,A0A0H3NTG6
High,A0A0H3NG24
High,A0A0H3N9Y3
High,A0A0H3NB42
High,A0A0H3NPB1
High,A0A0H3NTX8
High,A0A0H3NKG4
High,A0A0H3NDE1
High,A0A0H3NJP0
High,A0A0H3NSG3
High,A0A0H3NG47
High,A0A0H3NGL9
High,A0A0H3NU64
High,A0A0H3NFK1
High,A0A0H3NPU3
High,A0A0H3NBP9
High,A0A0H3NGC7
High,A0A0H3NBM3
High,A0A0H3NBG7
High,A0A0H3NI36
High,A0A0H3NC42
High,A0A0H3NGR6
High,A0A0H3NMJ3
High,A0A0H3NH50
High,A0A0H3N9T5
High,A0A0H3NJ94
High,A0A0H3N7F7
High,A0A0H3NFP7
High,A0A0H3NFL9
High,A0A0H3NKH0
High,A0A0H3NM75
High,A0A0H3NNK0
High,A0A0H3NLM6
High,A0A0H3NB55
High,A0A0H3N8Y2
High,A0A0H3NJI7
High,A0A0H3NM97
High,A0A0H3NDL0
High,A0A0H3NBL1
High,A0A0H3NEV7
High,A0A0H3NYK7
High,A0A0H3NJR5
High,A0A0H3NKB8
High,A0A0H3NPG7
High,A0A0H3NCV0
High,A0A0H3ND21
High,A0A0H3N7N0
High,A0A0H3NGZ0
High,A0A0H3NC99
High,A0A0H3NK44
High,A0A0H3NG34
High,A0A0H3NFQ4
High,A0A0H3NTP1
High,A0A0H3NIJ9
High,A0A0H3NJC1
High,A0A0H3NF53
High,A0A0H3NHH5
High,A0A0H3NC62
High,A0A0H3NEC0
High,A0A0H3NED6
High,A0A0H3NJ85
High,A0A0H3NK21
High,A0A0H3NX50
High,A0A0H3NSN9
High,A0A0H3NA20
High,A0A0H3NJT1
High,A0A0H3N9H6
High,A0A0H3NTT7
High,E1W9M1
High,A0A0H3NEL8
High,A0A0H3NEC1
High,A0A0H3NKT8
High,A0A0H3ND73
High,A0A0H3NDM1
High,A0A0H3NR64
High,A0A0H3NA91
High,A0A0H3NDC1
High,A0A0H3NBA0
High,A0A0H3NH23
High,A0A0H3ND36
High,A0A0H3NU51
High,A0A0H3NGZ3
High,A0A0H3NQ20
High,A0A0H3NV05
High,A0A0H3NAJ6
High,A0A0H3NJ92
High,A0A0H3NSL3
High,A0A0H3N8K3
High,A0A0H3NHM6
High,A0A0H3NVH4
High,A0A0H3NW39
High,A0A0H3NLG2
High,A0A0H3NFF6
High,A0A0H3NUG0
High,A0A0H3NAY9
High,A0A0H3NH71
High,A0A0H3NFF7
High,A0A0H3NFP9
High,A0A0H3NFW4
High,A0A0H3NCM6
High,A0A0H3NJ54
High,A0A0H3N8G5
High,A0A0H3NAH1
High,A0A0H3NBG9
High,A0A0H3NPP2
High,A0A0H3NE48
High,A0A0H3NGD7
High,A0A0H3NP83
High,A0A0H3NCR4
High,A0A0H3NL09
High,A0A0H3NVS5
High,A0A0H3NJE4
High,A0A0H3NE65
High,A0A0H3NJZ0
High,A0A0H3NHU3
High,A0A0H3NBL4
High,A0A0H3NQK6
High,A0A0H3NHV2
High,A0A0H3NH36
High,A0A0H3NHG1
High,A0A0H3NBX3
High,A0A0H3NCF6
High,A0A0H3NS22
High,A0A0H3NNR6
High,A0A0H3NP09
High,A0A0H3NFV9
High,A0A0H3NBL5
High,A0A0H3NH60
High,A0A0H3N8Q4
High,A0A0H3P017
High,A0A0H3NIP2
High,A0A0H3NMF8
High,A0A0H3NCY4
High,A0A0H3NFT4
High,A0A0H3NAE0
High,A0A0H3NLI3
High,A0A0H3NKN6
High,A0A0H3NA19
High,A0A0H3NIC8
High,A0A0H3NI32
High,A0A0H3P093
High,A0A0H3NI00
High,A0A0H3NHL2
High,A0A0H3NI05
High,A0A0H3NJX4
High,A0A0H3NTX2
High,A0A0H3NG51
High,A0A0H3NKT3
High,A0A0H3NM39
High,A0A0H3NG29
High,A0A0H3NB13
High,A0A0H3N9L5
High,A0A0H3NKA5
High,A0A0H3NH91
High,E1WF94
High,A0A0H3NCJ3
High,A0A0H3NKB2
High,A0A0H3NCE1
High,A0A0H3NU32
High,A0A0H3NG49
High,A0A0H3NIB9
High,A0A0H3NYN8
High,A0A0H3N9E6
High,A0A0H3NEJ8
High,A0A0H3NGM2
High,A0A0H3NLW1
High,A0A0H3NGH0
High,A0A0H3NH06
High,A0A0H3N8M8
High,A0A0H3P184
High,A0A0H3NEZ7
High,A0A0H3NIK5
High,A0A0H3NJ93
High,A0A0H3NS01
High,A0A0H3NI53
High,A0A0H3NMQ4
High,A0A0H3NF07
High,A0A0H3NKP7
High,A0A0H3NMX4
High,A0A0H3NJB6
High,A0A0H3NGX6
High,A0A0H3NTA9
High,A0A0H3NHG9
High,A0A0H3NIP7
High,A0A0H3NUJ9
High,A0A0H3NPH2
High,A0A0H3NG41
High,A0A0H3N9W7
High,A0A0H3N966
High,A0A0H3NVT1
High,A0A0H3NXF9
High,A0A0H3NI71
High,A0A0H3P194
High,A0A0H3NTD5
High,A0A0H3NGX9
High,A0A0H3NG65
High,A0A0H3NTZ7
High,A0A0H3NH47
High,A0A0H3NEY9
High,A0A0H3NPD4
High,A0A0H3NN56
High,A0A0H3NJ16
High,A0A0H3NDB6
High,A0A0H3NGY8
High,A0A0H3NSQ7
High,A0A0H3NIH9
High,A0A0H3NHT4
High,A0A0H3NDF5
High,A0A0H3NI02
High,A0A0H3NFZ8
High,A0A0H3NWI3
High,A0A0H3NGR0
High,A0A0H3NIJ6
High,A0A0H3NWJ7
High,A0A0H3NE80
High,A0A0H3NAZ9
High,A0A0H3NM37
High,A0A0H3NWV1
High,A0A0H3NSE0
High,A0A0H3NH12
High,A0A0H3NDX4
High,A0A0H3NIN6
High,A0A0H3N9J9
High,A0A0H3NHW5
High,A0A0H3NCP3
High,A0A0H3NT72
High,A0A0H3NKA8
High,A0A0H3N919
High,A0A0H3NI27
High,A0A0H3NKZ3
High,A0A0H3N7I3
High,A0A0H3NJ77
High,A0A0H3N855
High,A0A0H3NFV3
High,A0A0H3NHP2
High,A0A0H3ND77
High,A0A0H3NNQ5
High,A0A0H3NBF9
High,A0A0H3N984
High,A0A0H3NGJ3
High,A0A0H3NHK8
High,A0A0H3NHK6
High,A0A0H3NL99
High,A0A0H3NSE5
High,A0A0H3NDW1
High,A0A0H3NDR7
High,A0A0H3N9E2
High,A0A0H3ND42
High,A0A0H3NE62
High,A0A0H3NJ91
High,A0A0H3ND60
High,A0A0H3NJ56
High,A0A0H3NFB7
High,A0A0H3NGH6
High,A0A0H3NH44
High,A0A0H3NDZ0
High,A0A0H3NTS6
High,A0A0H3NL62
High,A0A0H3NMS3
High,A0A0H3NVR8
High,A0A0H3NJD3
High,A0A0H3NPQ1
High,A0A0H3NJD0
High,A0A0H3NJ84
High,A0A0H3NQQ0
High,A0A0H3NBW5
High,A0A0H3NPF4
High,A0A0H3NA79
High,A0A0H3NT63
High,A0A0H3NPX5
High,A0A0H3NXD1
High,A0A0H3NDU7
High,A0A0H3NGT8
High,A0A0H3NCY2
High,A0A0H3NKY8
High,A0A0H3NBN4
High,A0A0H3NGT5
High,A0A0H3NEH6
High,A0A0H3NKR5
High,A0A0H3NCS8
High,A0A0H3NI23
High,A0A0H3NXG6
High,A0A0H3P1B9
High,A0A0H3NH17
High,A0A0H3NHE2
High,A0A0H3NNF8
High,A0A0H3NJ30
High,A0A0H3NQ29
High,A0A0H3P1B7
High,A0A0H3N797
High,A0A0H3NI67
High,A0A0H3NAG6
High,A0A0H3NIE7
High,A0A0H3NKE5
High,A0A0H3NAN0
High,A0A0H3NVN5
High,A0A0H3N8L5
High,A0A0H3NC89
High,A0A0H3NC37
High,A0A0H3NFK0
High,A0A0H3NMG3
High,A0A0H3NNQ0
High,A0A0H3NAK9
High,A0A0H3NA50
High,A0A0H3NBT6
High,A0A0H3NJ46
High,A0A0H3NJC3
High,A0A0H3NH56
High,A0A0H3N7H1
High,A0A0H3NNC4
High,A0A0H3N945
High,A0A0H3NEG4
High,A0A0H3NHJ5
High,A0A0H3NIU1
High,A0A0H3NWA4
High,A0A0H3NEL0
High,A0A0H3NL56
High,A0A0H3NP71
High,A0A0H3NJP5
High,A0A0H3NA87
High,A0A0H3N8C8
High,A0A0H3NM07
High,A0A0H3NMH8
High,A0A0H3NLW8
High,A0A0H3NFW5
High,A0A0H3NK08
High,A0A0H3NG63
High,A0A0H3NC57
High,A0A0H3NDR2
High,A0A0H3NA42
High,A0A0H3NF50
High,A0A0H3NDC5
High,A0A0H3N9W3
High,A0A0H3NEC3
High,A0A0H3NDS6
High,A0A0H3NFH6
High,A0A0H3NHM0
High,A0A0H3NBV5
High,A0A0H3NAC5
High,A0A0H3N8E4
High,A0A0H3NTH1
High,A0A0H3NHY4
High,A0A0H3NNB4
High,A0A0H3NFV2
High,A0A0H3NBT4
High,A0A0H3NU26
High,A0A0H3NNH9
High,A0A0H3NDE0
High,A0A0H3NV23
High,A0A0H3NPW0
High,A0A0H3NYG4
High,A0A0H3NDJ0
High,A0A0H3NFE2
High,A0A0H3P065
High,A0A0H3N7Z9
High,A0A0H3NC84
High,A0A0H3NEQ7
High,A0A0H3ND24
High,A0A0H3NSW2
High,A0A0H3NAL6
High,A0A0H3NS05
High,A0A0H3NJ79
High,A0A0H3NNE5
High,A0A0H3NGA4
High,A0A0H3NT19
High,A0A0H3N9M2
High,A0A0H3NCF3
High,A0A0H3NN26
High,A0A0H3ND28
High,A0A0H3N9M6
High,A0A0H3NMH7
High,A0A0H3NYH0
High,A0A0H3NEL2
High,A0A0H3NFZ3
High,A0A0H3NQJ0
High,A0A0H3NHU5
High,A0A0H3NDP5
High,A0A0H3NNH5
High,A0A0H3NB46
High,A0A0H3NPQ9
High,A0A0H3P069
High,A0A0H3NMV3
High,A0A0H3NBK6
High,A0A0H3NK79
High,A0A0H3NGT4
High,A0A0H3N873
High,A0A0H3NAZ7
High,A0A0H3N7Z1
High,A0A0H3NMR1
High,A0A0H3NG26
High,A0A0H3NAE4
High,A0A0H3NCQ5
High,A0A0H3NI28
High,A0A0H3NK91
High,A0A0H3NAY4
High,A0A0H3NRA3
High,A0A0H3NFY7
High,A0A0H3NGL5
High,A0A0H3NC92
High,A0A0H3NF97
High,A0A0H3NFS3
High,A0A0H3NJ99
High,A0A0H3NFU7
High,A0A0H3NXX9
High,E1WAC4
High,A0A0H3N9I0
High,A0A0H3NHB3
High,A0A0H3N8D7
High,A0A0H3NJV2
High,A0A0H3NDF8
High,A0A0H3NFX2
High,A0A0H3NEG6
High,A0A0H3P1A3
High,A0A0H3NEG8
High,A0A0H3P022
High,A0A0H3N7K2
High,A0A0H3NCV5
High,A0A0H3ND91
High,A0A0H3P090
High,A0A0H3NHQ6
High,A0A0H3NP44
High,A0A0H3ND27
High,A0A0H3NLS1
High,A0A0H3NEJ4
High,A0A0H3NDE6
High,A0A0H3NK84
High,A0A0H3NAX1
High,A0A0H3NEF2
High,A0A0H3NQ55
High,A0A0H3NPP8
High,A0A0G2PMS4
High,A0A0H3NJ49
High,A0A0H3NI22
High,A0A0H3NFA6
High,A0A0H3NBJ0
High,A0A0H3NIS5
High,A0A0H3NIL1
High,A0A0H3P029
High,A0A0H3NNV5
High,A0A0H3NN51
High,A0A0H3NR07
High,A0A0H3ND83
High,A0A0H3NFS6
High,A0A0H3NH72
High,A0A0H3NK38
High,A0A0H3NKS2
High,A0A0H3NH58
High,A0A0H3NKV8
High,A0A0H3NHS2
High,A0A0H3NF79
High,A0A0H3NN17
High,A0A0H3N8A8
High,A0A0H3NDA0
High,A0A0H3NGZ6
High,A0A0H3NJE3
High,A0A0H3NJ23
High,A0A0H3NKV5
High,A0A0H3NGG3
High,A0A0H3NLV4
High,A0A0H3NJJ3
High,A0A0H3NYD1
High,A0A0H3NDF4
High,A0A0H3ND41
High,A0A0H3NI08
High,A0A0H3NEB7
High,A0A0H3NS09
High,A0A0H3NER3
High,A0A0H3NDG8
High,A0A0H3N8U5
High,A0A0H3NJ97
High,A0A0H3NHF5
High,A0A0H3N9G1
High,A0A0H3NJV6
High,A0A0H3NIT3
High,A0A0H3N8W2
High,A0A0H3NHI5
High,A0A0H3NJ53
High,A0A0H3NEU4
High,A0A0H3NII4
High,A0A0H3N7C5
High,A0A0H3NNS5
High,A0A0H3NAF6
High,A0A0H3NF37
High,A0A0H3NFP3
High,A0A0H3NDX9
High,A0A0H3NAT5
High,A0A0H3NR78
High,A0A0H3NDT6
High,A0A0H3ND97
High,A0A0H3NTT2
High,A0A0H3N9B6
High,A0A0H3NDT0
High,A0A0H3NAC4
High,A0A0H3NV98
High,A0A0H3NEC6
High,A0A0H3NA83
High,A0A0H3NL14
High,A0A0H3NGD6
High,A0A0H3NWB3
High,A0A0H3NE91
High,A0A0H3NIY6
High,A0A0H3NXS7
High,A0A0H3NFA8
High,A0A0H3P037
High,A0A0H3NS73
High,A0A0H3N8W0
High,A0A0H3NK50
High,A0A0H3NL13
High,A0A0H3NE41
High,A0A0H3NAP4
High,A0A0H3NPB5
High,A0A0H3NS49
High,A0A0H3NYA4
High,A0A0H3NIY1
High,A0A0H3NA35
High,A0A0H3NCF9
High,A0A0H3NGY5
High,A0A0H3NPR5
High,A0A0H3NCJ1
High,A0A0H3N860
High,A0A0H3NI20
High,A0A0H3N9N0
High,A0A0H3NG38
High,A0A0H3NI50
High,A0A0H3NHR6
High,A0A0H3NPE7
High,A0A0H3NVQ7
High,A0A0H3NX99
High,A0A0H3NJ43
High,A0A0H3NDW3
High,A0A0H3NN23
High,A0A0H3NA59
High,A0A0H3NDX7
High,A0A0H3NI70
High,A0A0H3NCV4
High,A0A0H3NFK8
High,A0A0H3NYI9
High,A0A0H3NBX1
High,A0A0H3NIY7
High,A0A0H3NKJ0
High,A0A0H3NJG0
High,A0A0H3NET1
High,A0A0H3NDJ7
High,A0A0H3NB24
High,A0A0H3NUD9
High,A0A0H3NMB0
High,A0A0H3NBU6
High,A0A0H3NBM6
High,A0A0H3NC74
High,A0A0H3NKD4
High,A0A0H3N7X0
High,A0A0H3NGS9
High,A0A0H3NMH0
High,A0A0H3NI92
High,A0A0H3NI86
High,A0A0H3NN48
High,A0A0H3NHH7
High,A0A0H3NKQ1
High,A0A0H3ND80
High,A0A0H3ND78
High,A0A0H3NHH2
High,A0A0H3NFQ7
High,A0A0H3NCA3
High,A0A0H3NB17
High,A0A0H3N8L0
High,A0A0H3NCH2
High,A0A0H3NNM0
High,A0A0H3NMC0
High,A0A0H3N8G7
High,A0A0H3NDV3
High,A0A0H3NAR1
High,A0A0H3P0A2
High,A0A0H3NHP6
High,A0A0H3NLX6
High,A0A0H3NHD6
High,A0A0H3NAX9
High,A0A0H3NJG6
High,A0A0H3NGT6
High,A0A0H3NMR9
High,A0A0H3NGQ0
High,A0A0H3NIF0
High,A0A0H3NIT0
High,A0A0H3NGI5
High,A0A0H3NCK5
High,A0A0H3NWD8
High,A0A0H3NRT3
High,A0A0H3NU03
High,A0A0H3NIE5
High,A0A0H3NG58
High,A0A0H3NC00
High,A0A0H3NTQ8
High,A0A0H3NG74
High,A0A0H3NMV7
High,A0A0H3NEE1
High,A0A0H3NF42
High,A0A0H3NHS4
High,A0A0H3NGC6
High,A0A0H3NT25
High,A0A0H3NAB0
High,A0A0H3NWX5
High,A0A0H3NM60
High,A0A0H3NFX8
High,A0A0H3NN57
High,A0A0H3NGX7
High,A0A0H3NVX2
High,A0A0H3NN02
High,A0A0H3NXH5
High,A0A0H3NXU0
High,A0A0H3NJZ7
High,A0A0H3N9A5
High,A0A0H3NMY5
High,A0A0H3NCE0
High,A0A0H3NAV6
High,A0A0H3NBD9
High,A0A0H3NUA0
High,A0A0H3NG67
High,A0A0H3NFG9
High,A0A0H3NI24
High,A0A0H3NQP0
High,A0A0H3N9K8
High,A0A0H3NKV7
High,A0A0H3N8N5
High,A0A0H3N9A1
High,A0A0H3NFB8
High,A0A0H3NLA7
High,A0A0H3NM51
High,A0A0H3NAV0
High,A0A0H3NEX3
High,P0DUJ8
High,A0A0H3NHX8
High,A0A0H3NI78
High,A0A0H3NDG2
High,A0A0H3NF45
High,A0A0H3NGJ8
High,A0A0H3NFS4
High,A0A0H3NLU7
High,A0A0H3N7I8
High,A0A0H3NCE4
High,A0A0H3NFP4
High,A0A0H3NYF5
High,A0A0H3ND71
High,A0A0H3NB96
High,A0A0H3NH97
High,A0A0H3NE31
High,A0A0H3NWR9
High,A0A0H3NJM1
High,A0A0H3NFH9
High,A0A0H3NCB0
High,A0A0H3NKV4
High,A0A0H3NF60
High,A0A0H3NVF8
High,A0A0H3NG72
High,A0A0H3NFA3
High,A0A0H3NHN8
High,A0A0H3NJY6
High,A0A0H3NL95
High,A0A0H3NUJ1
High,E1WAC5
High,A0A0H3NI58
High,A0A0H3N9A8
High,A0A0H3P039
High,A0A0H3NA05
High,A0A0H3NCV8
High,A0A0H3NHI6
High,A0A0H3NIH8
High,A0A0H3NH41
High,A0A0H3N9Q6
High,A0A0H3NPZ3
High,A0A0H3NJ00
High,A0A0H3NPG4
High,A0A0H3NPL9
High,A0A0H3NDW7
High,A0A0H3N9J1
High,A0A0H3NDI9
High,A0A0H3NE17
High,A0A0H3NET4
High,A0A0H3NKX8
High,A0A0H3NH76
High,A0A0H3P1A9
High,A0A0H3NAL2
High,A0A0H3NJ20
High,A0A0H3NEQ2
High,A0A0H3NAZ3
High,A0A0H3NAT0
High,A0A0H3NGD0
High,A0A0H3N9B5
High,A0A0H3NCG6
High,A0A0H3N8D2
High,A0A0H3NIU9
High,A0A0H3NB22
High,A0A0H3NCL8
High,A0A0H3NEM3
High,A0A0H3NN80
High,A0A0H3NM11
High,A0A0H3N8T8
High,A0A0H3NN45
High,A0A0H3NPS2
High,A0A0H3NK61
High,A0A0H3NE56
High,A0A0H3N964
High,A0A0H3NLC9
High,A0A0H3NPC9
High,A0A0H3NEK5
High,A0A0H3NGP5
High,A0A0H3NPE0
High,A0A0H3ND57
High,A0A0H3NI48
High,A0A0H3NI73
High,A0A0H3NM67
High,A0A0H3NHW1
High,A0A0H3NHQ0
High,A0A0H3NDA4
High,A0A0H3NHK1
High,A0A0H3NH30
High,A0A0H3NWQ2
High,A0A0H3NJC8
High,A0A0H3NNS8
High,A0A0H3NJH0
High,A0A0H3NL08
High,A0A0H3NIA2
High,E1W9W8
High,A0A0H3P1B3
High,A0A0H3NLY0
High,A0A0H3NW10
High,A0A0H3N846
High,A0A0H3NHZ2
High,A0A0H3NYX3
High,A0A0H3NKF4
High,A0A0H3NP66
High,A0A0H3NT84
High,A0A0H3NCL0
High,A0A0H3NKY7
High,A0A0H3NHY7
High,A0A0H3N8T3
High,A0A0H3NIR8
High,A0A0H3NJE0
High,A0A0H3NH32
High,A0A0H3NM88
High,A0A0H3NL92
High,A0A0H3NJE5
High,A0A0H3NKJ8
High,A0A0H3NJU0
High,A0A0H3NK90
High,A0A0H3NMD2
High,A0A0H3NH90
High,A0A0H3NGR1
High,A0A0H3N809
High,A0A0H3NDR8
High,A0A0H3NEX9
High,A0A0H3NK02
High,A0A0H3NP55
High,A0A0H3NLD4
High,A0A0H3P193
High,A0A0H3NX98
High,A0A0H3NJM0
High,A0A0H3NIV3
High,A0A0H3NIJ1
High,A0A0H3NG89
High,A0A0H3NLX7
High,A0A0H3NE07
High,A0A0H3NH10
High,A0A0H3NKG1
High,A0A0H3NB66
High,A0A0H3NNM1
High,A0A0H3NCA0
High,A0A0H3NL16
High,A0A0H3NFS2
High,A0A0H3NI90
High,A0A0H3NKY3
High,A0A0H3NJR9
High,A0A0H3NRR1
High,A0A0H3NJG4
High,A0A0H3N888
High,A0A0H3NJ51
High,A0A0H3N829
High,A0A0H3N8A2
High,A0A0H3N955
High,A0A0H3NBK3
High,A0A0H3NJ72
High,A0A0H3NEB3
High,A0A0H3NCM4
High,A0A0H3NLJ2
High,A0A0H3NEQ5
High,A0A0H3NS97
High,A0A0H3NGV2
High,A0A0H3N9B9
High,A0A0H3NG07
High,A0A0H3NDM6
High,A0A0H3P191
High,A0A0H3NFS9
High,A0A0H3NGM0
High,A0A0H3NJ75
High,A0A0H3NSN2
High,A0A0H3NEI7
High,A0A0H3NJS6
High,A0A0H3NHV0
High,A0A0H3NDN6
High,A0A0H3NH14
High,A0A0H3NVP0
High,A0A0H3NAV8
High,A0A0H3NCK1
High,A0A0H3NN52
High,A0A0H3NEP8
High,A0A0H3NP68
High,A0A0H3NMC9
High,A0A0H3NFW2
High,A0A0H3NG71
High,A0A0H3NL04
High,A0A0H3NFJ9
High,A0A0H3N7U0
High,A0A0H3NNC6
High,A0A0H3NQD7
High,A0A0H3P189
High,A0A0H3NQE2
High,A0A0H3NGI4
High,A0A0H3NVV5
High,A0A0H3NIP4
High,A0A0H3NKF1
High,A0A0H3NLE8
High,A0A0H3N9V5
High,A0A0H3NTM4
High,A0A0H3NRT9
High,A0A0H3NLU2
High,A0A0H3NJU8
High,A0A0H3NVQ0
High,A0A0H3NFG2
High,A0A0H3NDF1
High,A0A0H3NDV1
High,A0A0H3NG96
High,A0A0H3NWL5
High,A0A0H3NH49
High,A0A0H3NNH3
High,A0A0H3NNP3
High,A0A0H3N8V3
High,A0A0H3NKC5
High,A0A0H3NF90
High,A0A0H3NDU1
High,A0A0H3NB77
High,A0A0H3NJD5
High,A0A0H3NH52
High,A0A0H3P001
High,A0A0H3NJB5
High,A0A0H3NI13
High,A0A0H3NFM3
High,A0A0H3NKV3
High,A0A0H3NBX0
High,A0A0H3NBH3
High,A0A0H3NI09
High,A0A0H3NHS0
High,A0A0H3NP38
High,A0A0H3NWK3
High,A0A0H3NEA8
High,A0A0H3NRG0
High,A0A0H3NN24
High,A0A0H3NL46
High,A0A0H3NEW7
High,A0A0H3NLH8
High,A0A0H3NDI6
High,A0A0H3NK35
High,A0A0H3NB59
High,A0A0H3NA33
High,A0A0H3NG27
High,A0A0H3NA66
High,A0A0H3NE59
High,A0A0H3NI65
High,A0A0H3NDG1
High,A0A0H3NHR9
High,A0A0H3NGQ7
High,A0A0H3NHI4
High,A0A0H3NQR1
High,A0A0H3NT94
High,A0A0H3P034
High,A0A0H3NE70
High,A0A0H3NNU1
High,A0A0H3NDB9
High,A0A0H3NFA7
High,A0A0H3NEH8
High,A0A0H3NJT2
High,A0A0H3ND63
High,A0A0H3NCI2
High,A0A0H3NBY7
High,A0A0H3P180
High,A0A0H3NJA3
High,A0A0H3NA23
High,A0A0H3NC72
High,A0A0H3NEN4
High,A0A0H3N998
High,A0A0H3NDA1
High,A0A0H3NIW7
High,A0A0H3NUQ2
High,A0A0H3N7L3
High,A0A0H3NG42
High,A0A0H3NXW9
High,A0A0H3NFY0
High,A0A0H3N9L8
High,A0A0H3N989
High,A0A0H3NLZ6
High,A0A0H3NHV1
High,A0A0H3NIN0
High,A0A0H3NBA3
High,A0A0H3N9G8
High,A0A0H3NGM5
High,A0A0H3NYP6
High,A0A0H3NEU9
High,A0A0H3NDH3
High,A0A0H3NFU4
High,A0A0H3NXB3
High,A0A0H3N9U1
High,A0A0H3NM05
High,A0A0H3NF20
High,A0A0H3NIR7
High,A0A0H3NMI9
High,A0A0H3N9R6
High,A0A0H3NJ62
High,A0A0H3NKM8
High,A0A0H3NEI3
High,A0A0H3NFD5
High,A0A0H3N7Y3
High,A0A0H3NKD6
High,A0A0H3NQX3
High,A0A0H3NIY8
High,A0A0H3NQ78
High,A0A0H3NNA9
High,A0A0H3NS59
High,A0A0H3ND31
High,A0A0H3NKM3
High,A0A0H3NGE8
High,A0A0H3NSC5
High,A0A0H3NJZ3
High,A0A0H3P003
High,A0A0H3NIU3
High,A0A0H3NA52
High,A0A0H3NAG4
Medium,A0A0H3NJI2
Medium,A0A0H3NFL1
Medium,A0A0H3NBJ8
Medium,A0A0H3NCG5
Medium,A0A0H3NFK4
Medium,A0A0H3NG97
Medium,A0A0H3NG99
Medium,A0A0H3NEN9
Medium,A0A0H3NQW0
Medium,A0A0H3NI72
Medium,A0A0H3NR12
Medium,A0A0H3N7M5
Medium,A0A0H3NN29
Medium,A0A0H3NM91
Medium,A0A0H3NKW4
Medium,A0A0H3NNT9
Medium,A0A0H3NH21
Medium,A0A0H3NHL7
Medium,A0A0H3NF62
Medium,A0A0H3NHU7
Medium,A0A0H3N8F5
Medium,A0A0H3NN34
Medium,A0A0H3NKM4
Medium,A0A0H3NMA9
Medium,A0A0H3NP54
Medium,A0A0H3NIH4
Medium,A0A0H3NDC9
Medium,A0A0H3NJ12
Medium,A0A0H3NC83
Medium,A0A0H3NZZ6
Medium,A0A0H3NFI9
Medium,A0A0H3NM01
Medium,A0A0H3NGX4
Medium,A0A0H3NCR6
Medium,A0A0H3NBX7
Medium,A0A0H3NQI3
Medium,A0A0H3NLK2
Medium,A0A0H3NLT8
Medium,A0A0H3NE20
Medium,A0A0H3NHF7
Medium,A0A0H3NAB4
Medium,A0A0H3NIV7
Medium,A0A0H3NGH4
Medium,A0A0H3NG92
Medium,A0A0H3NCA2
Medium,A0A0H3NXL9
Medium,A0A0H3NHN5
Medium,A0A0H3NCZ0
Medium,A0A0H3NCU3
Medium,A0A0H3NI62
Medium,A0A0H3NAZ2
Medium,A0A0H3NEH9
Medium,A0A0H3NGZ7
Medium,A0A0H3NH84
Medium,A0A0H3NM30
Medium,A0A0H3NE19
Medium,A0A0H3NMN8
Medium,A0A0H3N915
Medium,A0A0H3NI46
Medium,A0A0H3NIC1
Medium,A0A0H3P026
Medium,E1W822
Medium,A0A0H3NA04
Medium,A0A0H3P024
Medium,A0A0H3N7H8
Medium,A0A0H3NK54
Medium,A0A0H3NBR9
Medium,A0A0H3NKE6
Medium,A0A0H3NX86
Medium,A0A0H3NYA0
Medium,A0A0H3NGD1
Medium,A0A0H3NJ37
Medium,A0A0H3NEW3
Medium,A0A0H3NDK3
Medium,A0A0H3NFB9
Medium,A0A0H3N7J9
Medium,A0A0H3NH28
Medium,A0A0H3NII7
Medium,A0A0H3NEJ9
Medium,A0A0H3N8X1
Medium,A0A0H3NPA7
Medium,A0A0H3NCT6
Medium,A0A0H3NFB0
Medium,A0A0H3NNG9
Medium,A0A0H3NQ68
Medium,A0A0H3NAN1
Medium,A0A0H3NHL5
Medium,A0A0H3NYD6
Medium,A0A0H3NXJ8
Medium,A0A0H3P067
Medium,A0A0H3NTE6
Medium,A0A0H3NI55
Medium,A0A0H3NC09
Medium,A0A0H3NKG6
Medium,A0A0H3NEA1
Medium,A0A0H3NVJ1
Medium,A0A0H3NE26
Medium,A0A0H3NDY4
Medium,A0A0H3NHA9
Medium,A0A0H3NJ48
Medium,E1W8M5
Medium,A0A0H3NIU4
Medium,A0A0H3N7R6
Medium,A0A0G2QBP7
Medium,A0A0H3NIF3
Medium,A0A0H3N9S9
Medium,A0A0H3N7Q7
Medium,A0A0H3NMJ9
Medium,A0A0H3NLZ0
Medium,A0A0H3NEQ8
Medium,A0A0H3NJH2
Medium,A0A0H3NHU0
Medium,A0A0H3NA86
Medium,A0A0H3N9I2
Medium,A0A0H3NCH4
Low,A0A0H3NH92
Low,A0A0H3NJU5
Low,A0A0H3NDM9
Low,A0A0H3NJB7
Low,A0A0H3NCN0
Low,A0A0H3NI87
Low,A0A0H3NH22
Low,A0A0H3NVZ4
Low,A0A0H3NNM5
Low,A0A0H3NHW9
Low,A0A0H3NBE7
Low,A0A0H3NCI5
Low,A0A0H3NJI5
Low,A0A0H3NAU1
Low,A0A0H3NTV7
Low,A0A0H3NGL8
Low,A0A0H3NJX2
Low,A0A0H3NGE6
Low,A0A0H3NZY8
Low,A0A0H3N8S1
Low,A0A0H3NYB0
Low,A0A0H3NI44
Low,A0A0H3NHM5
Low,A0A0H3NJ71
Low,A0A0H3N900
Low,A0A0H3NG84
Low,A0A0H3NH26
Low,A0A0H3NE15
Low,A0A0H3NHD7
Low,A0A0H3NHM1
Low,A0A0H3NBR1
Low,A0A0H3N7S0
Low,A0A0H3NLK5
Low,A0A0H3NFF0
Low,A0A0H3ND84
Low,A0A0H3NJV8
Low,A0A0H3NC27
Low,A0A0H3NHB6
Low,A0A0H3NGH2
Low,A0A0H3NQA5
Low,A0A0H3NBT9
Low,A0A0H3NGY4
Low,A0A0H3NIB8
Low,A0A0H3NKS9
Low,A0A0H3N8C9
Low,A0A0H3NNP8
Low,A0A0H3NJV1
Low,A0A0H3NGK2
Low,A0A0H3NDM0
Low,A0A0H3NAT2
Low,A0A0H3NQY8
Low,A0A0H3NXV2
Low,A0A0H3NNA3
Low,A0A0H3N7N7
Low,A0A0H3N8X7
Low,A0A0H3NCV1
Low,A0A0H3NFC5
Low,A0A0H3NPV8
Low,A0A0H3NCN9
