FDR,Accession,HP,MD,LB36h
High,A0A0H3NNZ4,428,210,366
High,A0A0H3NIB3,420,241,363
High,A0A0H3N9T3,189,115,176
High,A0A0H3NEM4,211,138,365
High,A0A0H3N957,304,210,286
High,A0A0H3N962,208,170,317
High,A0A0H3NLV7,204,113,229
High,A0A0H3NGC8,151,92,181
High,A0A0H3N8Z5,205,248,160
High,A0A0H3NJ45,192,124,214
High,A0A0H3NCR8,176,90,154
High,A0A0H3NAM6,156,84,147
High,A0A0H3NCJ4,167,73,179
High,A0A0H3NAG7,199,109,146
High,A0A0H3NQV4,161,85,172
High,A0A0H3NH78,157,164,121
High,A0A0H3NBG3,274,174,198
High,A0A0H3NIF1,217,110,227
High,A0A0H3NFB3,158,136,174
High,A0A0H3NPX0,122,65,113
High,A0A0H3N7M4,180,119,148
High,A0A0H3NCG3,196,154,260
High,A0A0H3NNN9,172,89,141
High,A0A0H3N9D1,236,285,171
High,A0A0H3NR16,264,271,138
High,A0A0H3NA75,176,101,218
High,A0A0H3NI82,302,247,428
High,E1WAU5,123,98,91
High,A0A0H3NIZ3,142,139,436
High,A0A0H3NRH8,158,88,118
High,A0A0H3NEB1,163,116,118
High,A0A0H3NBQ0,932,1170,794
High,A0A0H3NT12,168,108,194
High,A0A0H3NHZ9,145,70,140
High,A0A0H3NKB1,108,77,127
High,A0A0H3NMG4,131,110,215
High,A0A0H3NPU7,97,48,98
High,A0A0H3NC48,80,65,169
High,A0A0H3NIG9,149,88,185
High,A0A0H3NH09,187,188,315
High,A0A0H3NGZ5,114,72,111
High,A0A0H3NP98,106,69,104
High,A0A0H3NV46,153,194,96
High,A0A0H3NJI9,596,795,502
High,A0A0H3NE63,149,79,144
High,A0A0H3NJA8,111,80,162
High,A0A0H3NWH8,117,99,143
High,A0A0H3NPA2,191,188,108
High,A0A0H3NB09,148,103,127
High,A0A0H3NKQ9,162,115,166
High,A0A0H3NPF9,144,91,161
High,A0A0H3N9M7,115,79,181
High,A0A0H3NBY2,44,41,162
High,A0A0H3NHP0,126,83,137
High,A0A0H3NH15,93,46,116
High,A0A0H3NMU6,117,71,157
High,A0A0H3N916,175,104,137
High,A0A0H3NEC2,161,139,254
High,A0A0H3NLW5,127,89,169
High,A0A0H3NP26,110,71,85
High,A0A0H3NB12,115,54,114
High,A0A0H3N9Z8,451,594,338
High,A0A0H3NFL6,106,68,155
High,A0A0H3ND82,100,50,104
High,A0A0G2PMS1,313,258,457
High,A0A0H3NIU7,76,66,159
High,A0A0H3NJD6,101,42,74
High,A0A0H3NFQ6,143,108,203
High,A0A0H3NAD2,101,53,120
High,A0A0H3NV38,147,72,122
High,A0A0H3NJF2,108,122,183
High,A0A0H3NHU8,111,79,141
High,A0A0H3NBQ5,31,22,98
High,A0A0H3NDK2,144,96,125
High,A0A0H3NJN6,126,62,125
High,A0A0H3NVE4,116,79,123
High,A0A0H3N7V6,95,56,85
High,A0A0H3NKH8,90,80,154
High,A0A0H3NM73,156,102,145
High,A0A0H3NDJ2,121,66,117
High,A0A0H3NDG3,90,59,84
High,A0A0H3NMW4,54,55,143
High,A0A0H3NSB3,133,87,127
High,A0A0H3NH05,53,26,93
High,A0A0H3NHQ9,71,47,78
High,A0A0H3NJ42,106,69,73
High,A0A0H3NP22,43,49,157
High,A0A0H3NE47,48,53,120
High,A0A0H3NTD0,79,58,112
High,A0A0H3NPK6,124,64,114
High,A0A0H3N8B3,89,65,114
High,A0A0H3N8E3,106,60,100
High,A0A0H3NJQ1,121,88,118
High,A0A0H3NAZ4,77,63,121
High,A0A0H3NR00,107,117,16
High,A0A0H3NCT0,101,83,164
High,A0A0H3NIQ0,126,87,142
High,A0A0H3NR26,99,63,87
High,A0A0H3NCD1,70,105,230
High,A0A0H3NGF6,87,98,74
High,A0A0H3NMW9,84,68,117
High,A0A0H3NIL3,82,62,128
High,A0A0H3NHU2,39,31,89
High,A0A0H3NS81,117,141,110
High,A0A0H3NDV2,102,70,133
High,A0A0H3NEB4,92,78,108
High,A0A0H3NB32,111,67,91
High,A0A0H3NMB6,54,35,63
High,A0A0H3NDR3,155,122,120
High,A0A0H3NDL1,61,48,171
High,A0A0H3NCC6,262,352,121
High,A0A0H3NAU2,141,100,141
High,A0A0H3NFY6,95,93,95
High,A0A0H3NBG4,91,34,63
High,A0A0H3NKE1,131,161,65
High,A0A0H3NFH5,97,76,91
High,A0A0H3N852,75,88,66
High,A0A0H3NIR2,57,40,94
High,A0A0H3NJ64,44,42,111
High,A0A0H3NI84,96,115,64
High,A0A0H3NM77,44,80,87
High,A0A0H3NIK3,92,92,9
High,A0A0H3NH96,80,71,93
High,A0A0H3NFI2,72,96,105
High,A0A0H3NS35,102,48,82
High,A0A0H3NCW1,69,45,102
High,A0A0H3NEF6,97,46,72
High,A0A0H3NGG8,69,20,43
High,A0A0H3NL68,117,95,58
High,A0A0H3NDK6,122,82,85
High,A0A0H3NA16,124,115,33
High,A0A0H3NM87,88,62,81
High,A0A0H3NJK0,113,77,125
High,A0A0H3NE85,64,47,103
High,A0A0H3N8D8,67,51,144
High,A0A0H3NIH1,109,79,60
High,A0A0H3NVR3,104,96,86
High,A0A0H3NLM4,63,54,123
High,E1WAC6,73,103,
High,A0A0H3NIN9,45,48,134
High,A0A0H3NH79,78,44,86
High,E1WAU4,91,100,66
High,A0A0H3NL37,77,60,86
High,A0A0H3NL52,57,32,35
High,E1WFA1,61,90,81
High,A0A0H3N8Z2,66,41,66
High,A0A0H3N8H3,60,20,61
High,A0A0H3NEM0,72,42,83
High,A0A0H3NFR8,85,66,100
High,A0A0H3NK42,79,45,72
High,A0A0H3NDW4,93,72,95
High,A0A0H3NIW9,81,73,67
High,A0A0H3NEY3,113,73,78
High,A0A0H3NKD1,47,42,93
High,E1WGF0,49,45,101
High,A0A0H3ND04,73,47,56
High,A0A0H3NBD6,42,28,94
High,A0A0H3NCW6,105,53,87
High,A0A0H3NYL3,55,44,93
High,A0A0H3NCF4,59,51,75
High,A0A0H3NH98,64,58,82
High,A0A0H3NEE6,72,60,82
High,A0A0H3NFV7,105,148,74
High,A0A0H3NXX3,81,111,99
High,A0A0H3NMB1,40,47,139
High,A0A0H3N7N9,73,54,80
High,A0A0H3NIX1,31,24,106
High,A0A0H3NPM9,157,193,114
High,A0A0H3N9S2,25,31,119
High,A0A0H3NFA4,62,51,94
High,A0A0H3NI16,68,84,72
High,A0A0H3NJA1,51,34,95
High,A0A0H3NCF8,85,89,161
High,A0A0H3NFZ2,69,59,64
High,A0A0H3NHN2,58,56,155
High,A0A0H3NDS8,88,80,58
High,A0A0H3NGY2,86,59,64
High,A0A0H3NF80,99,92,55
High,A0A0H3NDQ0,59,32,56
High,A0A0H3NNA2,112,83,146
High,A0A0H3NH01,74,79,60
High,A0A0H3NCP6,56,40,82
High,A0A0H3NAW8,83,67,120
High,A0A0H3NPF5,75,96,24
High,A0A0H3NIM7,75,80,78
High,A0A0H3NK71,56,42,68
High,A0A0H3ND48,26,28,77
High,A0A0H3NHZ1,67,28,73
High,A0A0H3NDK9,120,156,61
High,A0A0H3NEX0,64,78,37
High,A0A0H3NH69,66,58,70
High,A0A0H3NDH4,30,30,100
High,A0A0H3NDZ5,62,69,50
High,A0A0H3NEQ4,89,75,80
High,A0A0H3N950,106,91,126
High,A0A0H3NME1,57,65,109
High,A0A0H3NDR5,56,47,69
High,A0A0H3NJ17,66,51,94
High,A0A0H3NH34,20,17,103
High,A0A0H3NHT5,56,61,66
High,A0A0H3NFL3,44,19,51
High,A0A0H3NG19,66,36,68
High,A0A0H3NQ37,53,62,104
High,A0A0H3NI03,12,16,82
High,A0A0H3NDN0,77,84,102
High,A0A0H3N9B0,69,62,14
High,A0A0H3NKT7,82,62,86
High,A0A0H3N7F3,53,23,47
High,A0A0H3NGZ8,101,101,37
High,A0A0H3NIG4,110,91,95
High,A0A0H3NNW3,94,63,78
High,A0A0H3NH83,54,23,43
High,A0A0H3NIW5,14,11,68
High,A0A0H3NGL0,72,51,82
High,A0A0H3NED8,137,159,81
High,A0A0H3NH38,59,43,76
High,A0A0H3NGG9,112,76,88
High,A0A0H3NF48,97,77,109
High,A0A0H3NCZ1,122,99,112
High,A0A0H3P192,82,113,54
High,A0A0H3NGR7,57,38,82
High,A0A0H3NLS6,62,49,52
High,A0A0H3NIH0,50,48,105
High,A0A0H3NCQ6,83,45,65
High,A0A0H3NAI9,24,27,76
High,A0A0H3NJJ6,60,45,56
High,A0A0H3ND26,79,59,105
High,A0A0H3NBC6,55,46,75
High,A0A0H3NPT7,48,46,82
High,A0A0H3NCM7,72,53,103
High,A0A0H3NC50,67,60,106
High,A0A0H3NFQ5,64,55,124
High,A0A0H3NE98,76,50,32
High,A0A0H3N9M5,57,46,85
High,A0A0H3NHD1,50,50,75
High,A0A0H3NJL8,75,53,81
High,A0A0H3N9C1,69,46,59
High,A0A0H3NIV6,36,28,75
High,A0A0H3NKR7,48,19,50
High,A0A0H3NIX6,55,47,121
High,A0A0H3NFE8,74,83,19
High,A0A0H3NXK9,19,16,98
High,A0A0H3NEM7,139,148,129
High,A0A0H3NCU4,70,44,84
High,A0A0H3NI01,95,123,74
High,A0A0H3NGG7,60,48,59
High,A0A0H3NEC5,71,53,77
High,A0A0H3NF14,24,20,79
High,A0A0H3NL96,95,49,53
High,A0A0H3NEH2,37,41,72
High,A0A0H3NKX9,84,65,32
High,A0A0H3NL27,40,106,65
High,A0A0H3NT57,70,60,24
High,A0A0H3NJJ9,139,108,107
High,A0A0H3NJR8,51,34,97
High,A0A0H3NF87,86,61,24
High,A0A0H3NA02,67,58,72
High,A0A0H3N9L3,48,30,85
High,A0A0H3NDW6,66,51,52
High,A0A0H3NJ70,31,42,114
High,A0A0H3NHH6,18,17,82
High,A0A0H3N9N5,156,95,95
High,A0A0H3NBS8,34,41,78
High,A0A0H3NS28,55,37,53
High,A0A0H3NM16,76,64,13
High,A0A0H3NJK9,76,52,61
High,A0A0H3NHF8,45,18,42
High,A0A0H3NRE5,65,33,62
High,A0A0H3NCF5,28,21,87
High,A0A0H3NDL9,36,20,33
High,A0A0H3NLC1,42,37,66
High,A0A0H3NWA8,69,48,57
High,A0A0H3NPR4,42,45,54
High,A0A0H3NHD5,25,16,74
High,A0A0H3N9T8,220,295,175
High,A0A0H3NQ01,48,44,47
High,A0A0H3NIU8,10,12,59
High,A0A0H3NKA6,71,41,58
High,A0A0H3NWY8,30,29,77
High,A0A0H3NG11,42,52,74
High,A0A0H3NDZ2,24,26,71
High,A0A0H3NF64,54,32,47
High,A0A0H3NL58,92,93,21
High,A0A0H3NER6,58,45,79
High,A0A0H3P188,65,93,46
High,A0A0H3NAA4,89,70,85
High,A0A0H3N7Z5,49,54,34
High,A0A0H3NHD4,66,45,55
High,A0A0H3NKZ8,22,24,78
High,A0A0H3NHA5,263,290,156
High,A0A0H3NBR8,41,51,49
High,A0A0H3NDF2,79,53,57
High,A0A0H3NNT3,76,53,79
High,A0A0H3NN31,42,27,35
High,A0A0H3NJU7,37,44,101
High,A0A0H3NHY5,49,41,51
High,A0A0H3N9S4,31,23,74
High,A0A0H3NF89,67,71,51
High,A0A0H3NLA5,41,31,56
High,A0A0H3NBL7,83,57,109
High,A0A0H3NLE0,30,24,77
High,A0A0H3NFG7,70,41,68
High,A0A0H3ND68,65,48,20
High,A0A0H3NDE2,91,80,107
High,A0A0H3NEA5,36,34,65
High,A0A0H3NC31,56,58,83
High,A0A0H3NEY4,58,66,18
High,A0A0H3NJ76,64,43,34
High,A0A0H3NJ18,88,57,78
High,A0A0H3NDR9,34,17,67
High,A0A0H3NAC8,50,30,65
High,A0A0H3NG09,33,32,86
High,A0A0H3NC01,40,18,32
High,A0A0H3NJQ5,71,46,65
High,A0A0H3N850,11,13,83
High,A0A0H3NB00,37,23,65
High,A0A0H3N804,25,20,63
High,A0A0H3NGW8,27,19,49
High,A0A0H3NI94,74,55,59
High,A0A0H3NLH5,43,69,63
High,A0A0H3NKD9,72,78,91
High,A0A0H3NC49,95,93,101
High,A0A0H3ND45,41,60,41
High,A0A0H3NJB1,61,35,55
High,A0A0H3NBB0,39,39,76
High,A0A0H3P081,61,78,39
High,A0A0H3NL38,49,61,53
High,A0A0H3NM79,58,45,62
High,A0A0H3NNT2,39,22,60
High,A0A0H3N9M1,28,41,66
High,A0A0H3P177,174,179,59
High,A0A0H3NGZ2,38,23,46
High,A0A0H3N9I3,50,56,43
High,A0A0H3NFL2,20,22,61
High,A0A0H3NH51,33,19,76
High,A0A0H3NGX1,56,38,45
High,A0A0H3N9N1,70,63,75
High,A0A0H3NHR4,33,31,74
High,A0A0H3NRD4,26,3,51
High,A0A0H3NRK4,25,26,68
High,A0A0H3NIE0,123,108,85
High,A0A0H3NGY0,66,33,40
High,A0A0H3NEJ1,75,67,71
High,A0A0H3NNR2,64,31,21
High,A0A0H3NUB6,40,40,51
High,A0A0H3NA37,38,17,18
High,A0A0H3NAK6,27,29,64
High,E1WAC8,52,64,36
High,A0A0H3NE44,35,36,72
High,A0A0H3N8Y8,58,55,65
High,A0A0H3NH80,33,47,47
High,A0A0H3N8H8,44,27,40
High,A0A0H3NLX1,44,28,64
High,A0A0H3NVV1,64,50,58
High,A0A0H3NMB9,64,69,60
High,A0A0H3NAY0,17,21,58
High,A0A0H3NDZ7,28,9,35
High,A0A0H3NA94,44,41,41
High,A0A0H3N9S6,66,37,51
High,A0A0H3NDQ2,46,44,72
High,A0A0H3NHF2,58,52,71
High,A0A0H3NBT7,51,89,37
High,A0A0H3NE99,41,31,58
High,A0A0H3N9R9,76,122,47
High,A0A0H3N9V9,38,26,30
High,A0A0H3NK66,30,33,49
High,A0A0H3NI88,42,43,34
High,A0A0H3NE23,31,26,64
High,A0A0H3NB52,32,23,53
High,A0A0H3NE49,42,34,30
High,A0A0H3NUG9,55,52,49
High,A0A0H3NBP3,38,34,101
High,A0A0H3NJA2,26,24,61
High,A0A0H3NHL3,43,41,49
High,A0A0H3NIE8,51,48,66
High,A0A0H3NLQ8,69,75,32
High,A0A0H3NH16,29,18,65
High,A0A0H3NFY4,30,28,48
High,A0A0H3NHX0,47,37,40
High,A0A0H3NGS0,87,67,87
High,A0A0H3NXF6,56,77,28
High,A0A0H3ND87,22,22,75
High,A0A0H3NWN1,58,72,23
High,A0A0H3N8V7,69,49,73
High,A0A0H3NDI1,38,45,66
High,A0A0H3NN91,35,36,66
High,A0A0H3NJW0,27,21,59
High,A0A0H3NEN3,45,46,39
High,A0A0H3NH18,48,43,52
High,A0A0H3NRZ3,19,24,61
High,A0A0H3N968,31,45,70
High,A0A0H3NEZ1,15,15,56
High,A0A0H3NPL5,48,33,31
High,A0A0H3N884,16,31,85
High,A0A0H3NXW4,55,60,35
High,A0A0H3ND56,59,43,50
High,A0A0H3ND65,21,34,54
High,A0A0H3ND09,48,69,31
High,A0A0H3NF46,40,42,34
High,A0A0H3NCA6,29,22,54
High,A0A0H3NBE5,67,48,44
High,A0A0H3NKN8,55,49,55
High,A0A0H3NEE0,16,16,51
High,A0A0H3NLY3,42,43,58
High,A0A0H3NKE0,80,83,80
High,A0A0H3NAH3,18,16,28
High,A0A0H3NGP6,92,128,145
High,A0A0H3NBW6,38,40,61
High,A0A0H3NE08,50,61,27
High,A0A0H3N8Z8,54,38,47
High,A0A0H3NG44,43,33,54
High,A0A0H3NH43,37,10,47
High,A0A0H3NCD8,60,43,52
High,A0A0H3NP86,19,15,46
High,A0A0H3P010,59,66,48
High,A0A0H3N9B4,38,33,63
High,A0A0H3NEC8,49,47,78
High,A0A0H3NK45,44,29,44
High,A0A0H3NEM2,41,37,51
High,A0A0H3NIL5,55,66,67
High,A0A0H3NU81,36,27,46
High,A0A0H3NHV3,33,15,37
High,A0A0H3N8X2,45,43,14
High,A0A0H3NII6,36,17,28
High,A0A0H3NM23,39,45,57
High,A0A0H3N894,39,36,58
High,A0A0H3NYF3,56,55,68
High,A0A0H3NID8,50,57,58
High,A0A0H3NJ55,59,34,55
High,A0A0H3NIX2,60,24,35
High,A0A0H3NG60,63,48,57
High,A0A0H3NE79,53,57,50
High,A0A0H3NGS7,72,64,72
High,A0A0H3NQ36,70,96,49
High,A0A0H3NI80,16,21,64
High,A0A0H3NI68,20,23,43
High,A0A0H3NBX8,41,29,62
High,A0A0H3NE29,46,44,39
High,A0A0H3NFU5,49,54,35
High,A0A0H3NC19,44,53,65
High,A0A0H3NF40,52,43,63
High,A0A0H3NDY0,30,27,50
High,A0A0H3NH46,57,25,29
High,A0A0H3NJJ2,44,44,45
High,A0A0H3N9K4,43,33,33
High,A0A0H3NPP5,43,40,46
High,A0A0H3NKH1,58,34,39
High,A0A0H3NMP4,2,1,59
High,A0A0H3NXY4,54,77,22
High,A0A0H3NDI2,23,29,52
High,A0A0H3NFF1,9,11,52
High,A0A0H3NDB8,25,28,46
High,A0A0H3NHL9,57,48,49
High,A0A0H3NIA3,68,66,43
High,A0A0H3NLS8,32,32,59
High,A0A0H3N8L4,36,20,45
High,A0A0H3NEN8,43,46,59
High,A0A0H3NMS0,19,14,55
High,A0A0H3NBV2,10,16,45
High,A0A0H3NIQ6,33,29,35
High,A0A0H3N937,44,44,33
High,A0A0H3NEN1,48,40,40
High,A0A0H3NJP4,19,23,64
High,A0A0H3NN13,46,54,12
High,A0A0H3NCW5,38,25,60
High,A0A0H3NVU8,33,25,37
High,A0A0H3NM26,28,29,48
High,A0A0H3N8B6,42,34,53
High,A0A0H3NLP6,39,31,39
High,A0A0H3ND86,33,26,30
High,A0A0H3NIK7,45,28,26
High,A0A0H3NK19,45,32,56
High,A0A0H3NFW3,39,38,48
High,A0A0H3NIX5,44,39,92
High,A0A0H3NGU5,23,17,38
High,A0A0H3NNJ1,35,35,46
High,A0A0H3NAN8,61,77,68
High,A0A0H3NGY1,46,43,61
High,A0A0H3NNL2,33,30,37
High,A0A0H3NI34,4,9,68
High,A0A0H3NFZ4,38,33,16
High,A0A0H3N9F8,49,43,48
High,A0A0H3N9D6,42,47,100
High,A0A0H3NE57,22,28,53
High,A0A0H3NMA2,43,52,33
High,A0A0H3N9H9,7,12,54
High,A0A0H3NAQ1,33,28,45
High,A0A0H3NP42,33,38,60
High,E1WFA0,48,33,45
High,A0A0H3NRR9,41,37,21
High,A0A0H3NND7,47,34,42
High,A0A0H3NM92,23,24,43
High,A0A0H3NYS8,33,10,25
High,A0A0H3NKF9,52,56,62
High,A0A0H3NMN6,46,38,57
High,A0A0H3NDT8,39,29,38
High,A0A0H3NIT9,31,20,10
High,A0A0H3NBS6,43,30,34
High,A0A0H3NMY0,56,35,51
High,A0A0H3NH89,31,28,33
High,A0A0H3NLR3,39,51,43
High,A0A0H3NBZ4,19,30,41
High,A0A0H3NHI7,34,44,71
High,A0A0H3NFJ1,19,17,43
High,A0A0H3NKM9,21,34,54
High,A0A0H3NGD9,29,37,59
High,A0A0H3NWV8,67,73,57
High,E1WGG8,23,18,48
High,A0A0H3N7V0,83,82,64
High,A0A0H3NMK3,35,52,26
High,A0A0H3NGK0,20,21,24
High,A0A0H3NP35,14,15,41
High,A0A0H3NML3,29,21,48
High,A0A0H3NN75,40,43,30
High,A0A0H3NG02,33,34,57
High,A0A0H3NG56,41,39,43
High,A0A0H3NQY3,35,41,20
High,A0A0H3NBF5,19,19,42
High,A0A0H3NA74,24,44,43
High,A0A0H3NIW1,37,15,47
High,A0A0H3NDD7,25,31,22
High,A0A0H3NLU9,25,16,41
High,A0A0H3NJB8,39,19,28
High,A0A0H3NIE9,18,17,48
High,A0A0H3NKB7,32,39,36
High,A0A0H3N7Q4,42,34,35
High,A0A0H3NMI2,50,62,68
High,A0A0H3NJQ6,28,38,40
High,A0A0H3NM53,50,42,28
High,A0A0H3NAI1,31,40,8
High,A0A0H3NKE9,38,51,56
High,A0A0H3NPC7,51,54,20
High,A0A0H3NSU0,99,93,89
High,A0A0H3NI56,31,38,18
High,A0A0H3NFY5,28,26,45
High,A0A0H3NL87,25,28,47
High,A0A0H3NEN0,39,46,48
High,A0A0H3NH20,12,15,48
High,A0A0H3NN98,33,19,44
High,A0A0H3NH31,42,60,29
High,A0A0H3NCL7,41,43,18
High,A0A0H3NDA5,46,42,60
High,A0A0H3NC08,18,19,57
High,A0A0H3NQW9,53,19,32
High,A0A0H3NNT6,25,17,69
High,A0A0H3NVH0,38,6,20
High,A0A0H3NEW2,45,17,29
High,A0A0H3N8M9,17,24,55
High,A0A0H3NC78,33,30,52
High,A0A0H3NDW9,53,59,25
High,E1WAC0,48,64,15
High,A0A0H3NXF0,46,39,38
High,A0A0H3NDF6,21,17,26
High,A0A0H3NIS3,49,49,49
High,A0A0H3NEY2,52,60,43
High,A0A0H3N866,27,15,37
High,A0A0H3NPN9,14,11,38
High,A0A0H3ND89,30,20,49
High,A0A0H3NTL9,33,26,45
High,A0A0H3NWG0,38,24,36
High,A0A0H3NUN6,28,30,32
High,A0A0H3N8W7,48,63,24
High,A0A0H3NIA1,25,32,58
High,A0A0H3NEN6,43,43,42
High,E1WIS2,46,30,39
High,A0A0H3P0A4,54,56,65
High,A0A0H3NDN3,14,21,25
High,A0A0H3NJ08,47,29,24
High,A0A0H3NCE6,31,52,27
High,A0A0H3NCT3,51,44,28
High,A0A0H3NA56,44,19,26
High,A0A0H3NI99,37,24,9
High,A0A0H3N9P8,28,34,37
High,A0A0H3NAB1,44,43,16
High,A0A0H3NDN5,31,21,29
High,A0A0H3NE05,27,19,39
High,A0A0H3NAQ9,15,23,51
High,A0A0H3N9Z7,31,38,41
High,A0A0H3NHP1,40,22,30
High,A0A0H3NNY6,23,30,27
High,A0A0H3NIA5,32,26,21
High,A0A0H3NFA9,45,35,43
High,A0A0H3ND08,48,33,22
High,A0A0H3NB60,28,32,35
High,A0A0H3NK36,35,34,50
High,A0A0H3NHQ3,42,33,41
High,A0A0H3NSA8,18,12,34
High,A0A0H3NBJ7,39,42,42
High,A0A0H3NBC9,34,29,47
High,A0A0H3NHZ6,49,26,32
High,A0A0H3NLY5,29,40,15
High,A0A0H3NDA3,42,27,33
High,A0A0H3NH64,28,48,9
High,A0A0H3NLI8,37,44,33
High,A0A0H3NUD0,30,24,39
High,A0A0H3NMF7,55,56,50
High,A0A0H3NIG0,32,39,30
High,A0A0H3NIP0,36,38,35
High,A0A0H3NL53,64,63,55
High,A0A0H3NED3,27,30,44
High,A0A0H3NE12,23,25,37
High,A0A0H3NXI8,37,32,22
High,A0A0H3NMT2,34,36,40
High,A0A0H3NAH4,18,21,32
High,A0A0H3NEU5,34,50,27
High,A0A0H3NAX5,29,27,24
High,A0A0H3NIK4,60,50,39
High,A0A0H3NJK8,19,26,40
High,A0A0H3NT75,22,20,45
High,A0A0H3NCY7,30,32,58
High,A0A0H3NE16,35,50,22
High,A0A0H3NHT9,35,32,25
High,A0A0H3NAX0,18,16,36
High,A0A0H3NLZ8,46,40,35
High,A0A0H3NX80,50,58,29
High,A0A0H3NIB7,4,10,29
High,A0A0H3NAP8,30,26,24
High,A0A0H3N961,26,27,54
High,A0A0H3NLD8,3,2,42
High,A0A0H3NFF8,21,30,28
High,A0A0H3NHC6,51,50,43
High,A0A0H3N9J5,24,40,25
High,A0A0H3NDE7,20,30,39
High,A0A0H3NTQ2,23,30,33
High,A0A0H3NU38,41,40,41
High,A0A0H3NQC5,39,57,32
High,A0A0H3N7Q0,43,36,44
High,A0A0H3NGF4,39,52,40
High,A0A0H3NKW9,43,30,34
High,A0A0H3NIT2,10,12,33
High,A0A0H3N9R0,23,24,43
High,A0A0H3NRJ2,31,20,36
High,A0A0H3NJ47,41,42,47
High,A0A0H3NJ07,29,27,37
High,A0A0H3NDE3,27,25,15
High,A0A0H3NSV8,37,16,36
High,A0A0H3NEM8,32,38,37
High,A0A0H3NHB8,39,40,47
High,A0A0H3NQZ5,52,54,37
High,A0A0H3NUA7,41,22,43
High,A0A0H3N928,25,35,24
High,A0A0H3NCM8,96,122,50
High,A0A0H3P075,32,34,14
High,A0A0H3NX93,26,8,19
High,A0A0H3NBD2,28,38,15
High,A0A0H3N9T7,34,26,43
High,A0A0H3NHX6,39,30,66
High,A0A0H3NJ06,25,21,32
High,A0A0H3N8D3,57,57,59
High,A0A0H3NEY8,31,29,43
High,A0A0H3NGV5,39,21,39
High,A0A0H3NGI8,61,66,16
High,A0A0H3P1B8,22,18,33
High,A0A0H3NB04,60,77,34
High,A0A0H3NAD4,23,22,36
High,A0A0H3N7D5,23,23,31
High,A0A0H3NHB7,31,28,32
High,A0A0H3NJG5,45,40,66
High,A0A0H3NIB2,27,26,33
High,A0A0H3NH87,20,29,34
High,A0A0H3NIK6,38,55,11
High,A0A0H3NAW3,16,21,30
High,A0A0H3NDQ5,40,55,40
High,E1W874,42,35,49
High,A0A0H3N924,16,16,7
High,A0A0H3NP03,31,32,19
High,A0A0H3NGQ6,48,50,18
High,A0A0H3NHF6,55,47,62
High,A0A0H3NH75,3,1,42
High,A0A0H3NGR2,18,22,23
High,A0A0H3NJ21,32,23,30
High,A0A0H3NFG1,8,22,32
High,A0A0H3NM44,18,17,39
High,A0A0H3NIQ4,26,24,26
High,A0A0H3NPK0,33,28,47
High,A0A0H3NEG7,26,42,50
High,A0A0H3NG20,32,36,52
High,A0A0H3NC32,16,22,3
High,A0A0H3NM15,41,47,14
High,A0A0H3NGI3,33,49,33
High,A0A0H3NFX6,37,42,44
High,A0A0H3NGG1,29,27,31
High,A0A0H3NHY9,32,17,35
High,A0A0H3NV88,5,9,44
High,A0A0H3NI39,18,33,32
High,A0A0H3N9L9,32,32,35
High,A0A0H3NMQ9,35,18,19
High,A0A0H3NDX8,4,4,35
High,A0A0H3NHE1,26,27,34
High,A0A0H3NJY0,30,13,20
High,A0A0H3N7W0,35,27,27
High,A0A0H3NAM4,1,6,39
High,A0A0H3NMJ6,20,41,16
High,A0A0H3NIR1,20,11,31
High,A0A0H3NUE5,42,30,49
High,A0A0H3NIG3,30,30,32
High,A0A0H3N9C6,14,9,38
High,A0A0H3NGI6,17,7,42
High,A0A0H3N9D9,26,17,32
High,A0A0H3NHR0,14,18,50
High,A0A0H3NS54,13,18,41
High,A0A0H3NE53,39,60,29
High,A0A0H3N9E7,23,33,29
High,A0A0H3NB84,25,27,50
High,A0A0H3NSL9,19,22,44
High,A0A0H3NBU2,29,21,35
High,A0A0H3NU77,74,45,81
High,A0A0H3N9I6,35,16,31
High,A0A0H3NS38,49,43,24
High,A0A0H3N8I3,21,14,37
High,A0A0H3NBY9,19,16,43
High,A0A0H3N7I0,48,32,50
High,A0A0H3NYS4,39,26,37
High,A0A0H3NTF7,30,11,25
High,A0A0H3NEG0,53,21,29
High,A0A0H3NDU3,34,52,28
High,A0A0H3NJN9,52,60,34
High,A0A0H3NFR7,16,22,32
High,A0A0H3NE21,28,32,42
High,A0A0H3NFC0,37,24,36
High,A0A0H3NN19,29,31,16
High,A0A0H3NH54,37,29,21
High,A0A0H3NIZ5,39,25,32
High,A0A0H3NLM0,15,14,37
High,A0A0H3N9J0,32,40,20
High,A0A0H3N983,27,30,28
High,A0A0H3NC41,23,42,25
High,A0A0H3NLH4,21,16,29
High,A0A0H3NEM6,26,41,41
High,A0A0H3NC87,22,20,30
High,A0A0H3NHT1,21,17,23
High,A0A0H3NBE0,36,23,33
High,A0A0H3NE87,33,31,43
High,A0A0H3ND66,27,27,28
High,A0A0H3NKC2,25,22,36
High,A0A0H3ND22,49,39,33
High,E1WAA4,39,23,16
High,E1WAB2,34,46,3
High,A0A0H3NXT3,30,32,13
High,A0A0H3NMY9,33,25,49
High,A0A0H3N9F1,34,47,28
High,A0A0H3NHC0,13,6,24
High,A0A0H3NHG6,35,23,36
High,A0A0H3NDH2,24,23,35
High,A0A0H3NRH2,22,32,61
High,A0A0H3NIV8,27,16,3
High,A0A0H3NIY2,33,26,19
High,A0A0H3NGC3,49,49,34
High,A0A0H3N9C9,10,7,33
High,A0A0H3NTZ1,16,19,25
High,A0A0H3NDL3,47,53,30
High,E1WA38,9,12,38
High,A0A0H3NUZ2,33,17,42
High,A0A0H3N9V6,12,16,33
High,A0A0H3N925,7,12,31
High,A0A0H3NA71,19,23,37
High,A0A0H3NPW6,37,21,38
High,A0A0H3NCI0,33,40,20
High,A0A0H3NFX0,24,27,42
High,A0A0H3NAR7,34,43,6
High,A0A0H3NNZ6,30,36,55
High,A0A0H3NIC7,15,16,36
High,A0A0H3NKJ6,35,28,32
High,A0A0H3NDB3,32,30,19
High,A0A0H3NEC9,32,25,29
High,A0A0H3NGW1,20,23,36
High,A0A0H3N990,45,31,34
High,A0A0H3NIS1,16,8,38
High,A0A0H3NLU6,24,21,38
High,A0A0H3NN06,23,17,38
High,A0A0H3N7S1,38,56,22
High,A0A0H3NLW4,22,24,37
High,A0A0H3NFF4,33,28,51
High,A0A0H3NHT8,39,68,15
High,A0A0H3NM65,51,70,34
High,A0A0H3NBY3,18,18,42
High,A0A0H3NFG5,26,21,29
High,A0A0H3NEL5,33,22,20
High,A0A0H3NP16,17,21,35
High,A0A0H3NFS0,29,28,15
High,A0A0H3NB20,26,32,40
High,A0A0H3NR73,27,23,28
High,A0A0H3NI69,25,26,20
High,A0A0H3NBZ1,38,49,21
High,A0A0H3NJ83,28,20,26
High,A0A0H3NYT6,12,,27
High,A0A0H3N7S5,20,17,28
High,A0A0H3NGF9,13,13,24
High,A0A0H3NLP3,32,35,19
High,A0A0H3NHV4,16,20,34
High,A0A0H3NDF0,23,18,25
High,A0A0H3NFU2,20,22,33
High,A0A0H3NUL5,24,21,39
High,A0A0H3N7Y6,41,15,11
High,A0A0H3NLU3,35,27,39
High,A0A0H3NH59,5,9,31
High,A0A0H3NG93,20,30,13
High,A0A0H3NMC1,29,42,31
High,A0A0H3NKT0,15,29,27
High,A0A0H3NDI5,24,21,28
High,A0A0H3NIC9,25,19,21
High,A0A0H3NFZ7,43,27,26
High,A0A0H3NBB9,34,41,16
High,A0A0H3NIL4,30,23,26
High,A0A0H3N9T1,17,26,25
High,A0A0H3NMC4,24,38,4
High,A0A0H3NIL6,41,42,36
High,A0A0H3NBH9,32,29,19
High,A0A0H3N9Y7,23,19,41
High,A0A0H3NHJ2,29,27,37
High,A0A0H3N830,20,30,27
High,A0A0H3NDF9,29,36,23
High,A0A0H3NL17,35,10,28
High,A0A0H3NLN5,2,2,26
High,A0A0H3NG62,19,13,35
High,A0A0H3NGP1,16,24,27
High,A0A0H3NE93,7,10,23
High,A0A0H3N7V2,16,16,30
High,A0A0H3NHG4,16,32,29
High,A0A0H3NAW7,19,25,31
High,A0A0H3NG22,13,19,33
High,A0A0H3NR47,13,31,29
High,A0A0H3NRU4,26,27,36
High,A0A0H3NVC6,29,22,33
High,A0A0H3NH66,24,27,31
High,A0A0H3NEV4,24,29,43
High,A0A0H3NB53,18,21,31
High,A0A0H3NJX6,32,30,28
High,A0A0H3NU87,31,30,35
High,A0A0H3NQ50,32,26,31
High,A0A0H3N9K7,22,25,33
High,A0A0H3NG75,27,45,28
High,A0A0H3NX75,27,26,36
High,A0A0H3NFZ6,20,8,23
High,A0A0H3NJJ0,23,18,22
High,A0A0H3NNM6,24,18,28
High,A0A0H3NK11,27,29,46
High,A0A0H3NDP6,16,26,28
High,A0A0H3NE89,8,6,27
High,A0A0H3NAR5,10,12,27
High,A0A0H3NGB7,32,21,43
High,A0A0H3NHH1,29,23,36
High,A0A0H3NIF8,43,68,62
High,A0A0H3NB92,37,43,27
High,A0A0H3NSX3,8,6,25
High,A0A0H3NHI9,44,26,30
High,A0A0H3NHU6,29,23,33
High,A0A0H3NCQ2,15,16,29
High,A0A0H3NHC8,13,24,14
High,A0A0H3NYV9,19,30,11
High,A0A0H3NGE4,15,14,17
High,A0A0H3NMI3,24,28,19
High,A0A0H3NJA9,33,28,31
High,A0A0H3NNI3,26,20,27
High,A0A0H3ND75,23,22,12
High,A0A0H3NCS4,17,11,33
High,A0A0H3N946,21,35,26
High,A0A0H3NIC0,11,20,33
High,A0A0H3NCF0,3,13,32
High,A0A0H3NKY9,28,33,
High,A0A0H3NI81,24,25,30
High,A0A0H3NUS7,21,24,22
High,A0A0H3NHZ8,35,43,23
High,A0A0H3NHW2,27,19,30
High,A0A0H3NCR0,12,36,39
High,A0A0H3NAK0,19,24,47
High,A0A0H3NC52,24,47,34
High,A0A0H3NBN6,17,18,18
High,A0A0H3NYT2,25,30,14
High,A0A0H3N9Z3,26,26,32
High,A0A0H3NKG9,19,25,16
High,A0A0H3NP23,3,3,22
High,A0A0H3NJ68,23,16,29
High,A0A0H3NF16,20,9,32
High,A0A0H3NS87,4,9,23
High,A0A0H3NKR2,18,17,27
High,A0A0H3NLQ9,29,21,38
High,A0A0H3NLT4,24,36,14
High,A0A0H3NWG9,38,11,29
High,A0A0H3NV19,39,43,29
High,A0A0H3NFT5,24,14,33
High,A0A0H3N9S1,13,25,
High,A0A0H3NTK3,17,20,26
High,A0A0H3NHP7,23,35,7
High,A0A0H3N9Z1,19,25,16
High,A0A0H3NEP7,25,29,23
High,E1WGG9,7,11,32
High,A0A0H3NWG4,21,20,1
High,A0A0H3ND19,29,36,16
High,A0A0H3NA07,25,31,35
High,A0A0H3NW61,12,39,13
High,A0A0H3NIT6,42,34,28
High,A0A0H3NRB0,29,43,12
High,A0A0H3NL49,39,45,20
High,A0A0H3NEH3,14,31,18
High,A0A0H3NIP3,16,6,22
High,A0A0H3NV54,42,39,34
High,A0A0H3N9X5,1,1,32
High,A0A0H3NCD4,15,23,32
High,A0A0H3NIX3,35,14,11
High,A0A0H3NPJ0,15,15,28
High,A0A0H3NBA5,36,22,12
High,A0A0H3NF25,19,15,32
High,A0A0H3NGL6,17,21,17
High,A0A0H3NA63,21,21,27
High,A0A0H3P1B2,23,28,15
High,A0A0H3N8F8,17,9,14
High,A0A0H3NHK2,27,37,16
High,A0A0H3NG81,27,26,48
High,A0A0H3N8Q7,16,23,28
High,A0A0H3NKK1,15,21,38
High,A0A0H3NV41,24,26,33
High,A0A0H3NEU6,7,12,33
High,A0A0H3NEE2,10,15,22
High,A0A0H3NMD7,16,10,23
High,A0A0H3NGK1,15,18,21
High,A0A0H3NHN7,21,19,33
High,A0A0H3NA13,22,23,23
High,A0A0H3NV77,10,16,2
High,A0A0H3NND3,25,28,32
High,A0A0H3NL42,25,22,13
High,A0A0H3ND30,23,32,43
High,A0A0H3NGW2,18,21,22
High,A0A0H3NH94,36,19,35
High,A0A0H3NIG1,26,37,2
High,A0A0H3NHG5,18,8,27
High,A0A0H3N967,25,26,30
High,A0A0H3NC15,16,25,28
High,A0A0H3NB31,63,76,45
High,A0A0H3NMA6,21,18,25
High,A0A0H3NAP1,14,10,32
High,A0A0H3NID3,23,29,13
High,A0A0H3NL20,21,32,7
High,A0A0H3NG52,23,36,17
High,A0A0H3NGF5,15,22,19
High,A0A0H3NN86,14,24,21
High,A0A0H3NG78,11,21,38
High,A0A0H3NJH5,27,20,37
High,A0A0H3NDP2,32,39,24
High,A0A0H3NBK4,15,32,20
High,A0A0H3NHG2,6,7,18
High,A0A0H3NED0,28,15,34
High,A0A0H3NMF0,43,55,56
High,A0A0H3NG91,14,22,23
High,A0A0H3NB33,12,17,45
High,A0A0H3NIZ0,15,22,19
High,A0A0H3NIZ9,26,27,33
High,A0A0H3NGS5,37,40,39
High,A0A0H3NKD0,18,15,25
High,A0A0H3NGC2,5,13,24
High,A0A0H3NAH7,26,18,26
High,A0A0H3NIW6,27,38,6
High,A0A0H3NHV9,29,23,12
High,A0A0H3NN63,12,28,32
High,A0A0H3NDM8,21,23,18
High,A0A0H3NAN9,13,25,18
High,A0A0H3NB70,8,10,23
High,A0A0H3NCB9,22,23,27
High,A0A0H3NHF3,26,28,29
High,A0A0H3N7N4,13,17,26
High,A0A0H3NJI3,30,33,26
High,E1WAQ4,15,16,30
High,A0A0H3NV83,22,15,33
High,A0A0H3NE22,8,11,40
High,A0A0H3NK75,12,30,23
High,A0A0H3N9W0,24,23,15
High,A0A0H3NAJ4,27,19,21
High,A0A0H3NC79,20,32,31
High,A0A0H3NKH9,20,18,6
High,A0A0H3NW99,20,20,28
High,A0A0H3NDN2,17,12,24
High,A0A0H3NJ38,14,32,28
High,A0A0H3NXL4,27,37,41
High,A0A0H3NFR9,10,17,41
High,A0A0H3NHE6,20,20,24
High,A0A0H3NNJ2,22,34,41
High,A0A0H3NHN3,21,27,43
High,A0A0H3NC13,27,18,27
High,A0A0H3NM33,24,21,41
High,A0A0H3NFC9,25,30,19
High,A0A0H3NAQ3,1,,31
High,A0A0H3NJH1,32,35,2
High,A0A0H3NVY3,13,18,25
High,A0A0H3NE30,28,17,27
High,A0A0H3NAN5,4,9,23
High,E1WAB5,43,47,19
High,A0A0H3NU95,17,18,27
High,A0A0H3NHW0,24,32,6
High,A0A0H3NF06,1,5,34
High,A0A0H3NI37,22,16,21
High,A0A0H3NW85,8,11,23
High,A0A0H3NML0,36,32,19
High,A0A0H3NP62,23,31,22
High,A0A0H3NDK1,9,1,17
High,A0A0H3NIK9,7,19,22
High,A0A0H3NBV8,32,24,37
High,A0A0H3NFL8,6,20,21
High,A0A0H3NE43,40,48,35
High,A0A0H3N9V0,17,11,23
High,A0A0H3N9D5,28,14,23
High,A0A0H3NEV1,26,42,20
High,A0A0H3NI93,14,22,30
High,A0A0H3N9E1,15,12,23
High,A0A0H3NJ31,15,17,20
High,A0A0H3N926,7,10,21
High,A0A0H3NDL6,17,15,17
High,A0A0H3NIQ8,18,28,25
High,A0A0H3NCM3,3,6,20
High,A0A0H3NK26,30,28,34
High,A0A0H3NW54,22,38,18
High,A0A0H3NNB2,26,29,12
High,A0A0H3NJH6,30,16,28
High,A0A0H3NQ15,17,15,22
High,A0A0H3NKR1,47,60,50
High,A0A0H3N8U0,14,17,33
High,A0A0H3NKU6,6,4,34
High,A0A0H3NFJ4,26,29,30
High,A0A0H3NBQ1,30,32,31
High,A0A0H3NAN4,28,26,44
High,A0A0H3NRN3,21,25,35
High,A0A0H3NTS0,18,25,13
High,A0A0H3N9A0,17,14,22
High,A0A0H3NIL0,18,21,22
High,A0A0H3N8V0,31,28,21
High,A0A0H3NCJ8,12,22,18
High,A0A0H3N932,23,19,29
High,A0A0H3NRG8,31,2,15
High,A0A0H3NGW9,26,22,28
High,A0A0H3NF77,20,30,3
High,A0A0H3NLF4,28,21,19
High,A0A0H3NSC0,19,25,30
High,A0A0H3NRY1,23,18,18
High,A0A0H3NK25,2,4,34
High,A0A0H3NFD8,6,10,19
High,E1WAE4,30,37,4
High,A0A0H3N8T4,3,2,23
High,A0A0H3NU44,7,7,26
High,A0A0H3NJI8,33,24,32
High,A0A0H3NKP1,23,24,25
High,A0A0H3NEZ8,12,27,13
High,A0A0H3NQ41,26,38,11
High,A0A0H3NJ61,19,21,19
High,A0A0H3NHI3,30,22,27
High,A0A0H3NYR9,39,15,37
High,A0A0H3NTI1,19,15,33
High,A0A0H3NMX9,15,11,42
High,A0A0H3NDB2,37,38,33
High,A0A0H3ND10,21,27,35
High,A0A0H3NGQ8,29,36,39
High,A0A0H3NJI0,7,9,22
High,A0A0H3NG01,20,31,35
High,A0A0H3NWC4,19,28,3
High,A0A0H3NPQ5,37,26,25
High,A0A0H3NB69,31,25,19
High,A0A0H3NX92,14,18,15
High,A0A0H3NC70,3,3,31
High,A0A0H3NJP3,17,25,18
High,A0A0H3NDU2,22,16,23
High,A0A0H3NID6,54,40,51
High,A0A0H3NG55,9,17,23
High,A0A0H3NJD9,38,26,14
High,A0A0H3NAW2,4,8,29
High,A0A0H3NIG8,13,12,17
High,A0A0H3ND64,19,22,3
High,A0A0H3NH24,9,8,33
High,A0A0H3NM58,5,16,16
High,A0A0H3N929,32,37,7
High,A0A0H3NFD4,3,18,12
High,A0A0H3NHB2,18,22,9
High,A0A0H3NLB2,23,25,25
High,A0A0H3NFT9,28,18,38
High,A0A0H3NKU4,19,24,16
High,A0A0H3NIN1,9,10,22
High,A0A0H3NK16,6,16,33
High,A0A0H3NFM9,9,17,21
High,A0A0H3NEF9,20,15,21
High,A0A0H3NYU3,25,29,19
High,A0A0H3NV72,20,21,16
High,A0A0H3NTD9,25,28,5
High,A0A0H3NFN5,21,29,19
High,A0A0H3NGQ1,45,44,52
High,A0A0H3NNK3,16,24,14
High,A0A0H3NIE6,15,22,7
High,A0A0H3NCJ0,13,11,26
High,A0A0H3NGE0,10,4,22
High,A0A0H3NMX5,26,23,38
High,A0A0H3NJB2,24,19,23
High,A0A0H3NGR9,28,38,28
High,A0A0H3NK57,19,24,23
High,A0A0H3NTC4,24,23,20
High,A0A0H3NZZ2,10,19,13
High,A0A0H3NI18,22,38,4
High,A0A0H3N7D0,24,26,8
High,A0A0H3N8U8,20,20,19
High,A0A0H3N988,19,28,22
High,A0A0H3NSG9,8,4,33
High,A0A0H3NKV1,58,71,80
High,A0A0H3NJ63,21,14,30
High,A0A0H3NFM6,20,19,12
High,A0A0H3NIH6,40,37,18
High,A0A0H3NGU6,29,10,22
High,A0A0H3NB28,8,24,25
High,A0A0H3NBL9,24,33,26
High,A0A0H3NLN1,15,14,27
High,A0A0H3NQL0,32,37,12
High,A0A0H3NM98,19,15,14
High,A0A0H3NBD1,8,24,3
High,A0A0H3NF23,32,35,31
High,A0A0H3NHU1,18,24,7
High,A0A0H3NFT0,9,14,28
High,A0A0H3NCY8,22,27,22
High,A0A0H3NEX8,36,40,59
High,A0A0H3NG48,27,25,27
High,A0A0H3NSA3,6,13,16
High,A0A0H3NK92,17,18,36
High,A0A0H3NNS0,5,9,17
High,A0A0H3NIL2,18,19,29
High,A0A0H3NKP0,21,24,33
High,A0A0H3NFD6,14,17,29
High,A0A0H3NEI6,24,32,22
High,A0A0H3NP94,16,10,25
High,A0A0H3NCN1,20,19,32
High,A0A0H3NL66,3,7,19
High,A0A0H3NHD2,25,24,26
High,A0A0H3ND98,12,21,21
High,A0A0H3NDD6,13,2,30
High,A0A0H3NE10,15,11,19
High,A0A0H3NQP3,19,16,28
High,A0A0H3N891,34,39,31
High,A0A0H3NJW7,24,17,20
High,A0A0H3NNK8,19,11,15
High,A0A0H3NGF2,18,16,19
High,A0A0H3NE54,20,16,
High,A0A0H3NCH0,28,42,5
High,A0A0H3NVG2,16,15,44
High,A0A0H3NAF5,33,42,29
High,A0A0H3ND92,16,13,36
High,A0A0H3NG25,15,19,8
High,A0A0H3NHS8,14,15,28
High,A0A0H3NB37,15,13,17
High,A0A0H3N7Z2,10,23,6
High,A0A0H3NM35,40,53,32
High,A0A0H3NBK8,9,18,15
High,A0A0H3NFT8,7,11,32
High,A0A0H3NJM6,20,21,18
High,A0A0H3N8A6,43,25,30
High,A0A0H3N9G9,24,25,41
High,A0A0H3NJP9,2,2,23
High,A0A0H3NSD0,28,27,24
High,A0A0H3NHI0,22,12,22
High,A0A0H3NG17,7,5,23
High,A0A0H3NHC3,23,29,20
High,A0A0H3NAY8,9,13,26
High,A0A0H3N8I8,19,17,29
High,A0A0H3NN60,24,38,25
High,A0A0H3NB41,9,10,27
High,A0A0H3NEA9,9,25,17
High,A0A0H3NNC0,18,9,17
High,A0A0H3NFT1,20,25,27
High,A0A0H3NGH5,15,20,19
High,A0A0H3NDL4,33,24,19
High,A0A0H3NA48,12,22,34
High,A0A0H3NNF3,17,19,33
High,A0A0H3NKN4,7,14,26
High,A0A0H3NNW7,16,16,15
High,A0A0H3NRR3,23,26,7
High,A0A0H3NGM8,24,24,18
High,A0A0H3NEL4,27,28,27
High,A0A0H3NGK4,27,19,30
High,A0A0H3ND32,8,14,19
High,A0A0H3NMR5,18,27,21
High,A0A0H3NPN3,22,21,47
High,A0A0H3NVJ7,27,26,15
High,A0A0H3NGP3,18,28,22
High,A0A0H3NHX9,18,25,20
High,A0A0H3NES0,20,15,15
High,A0A0H3NT07,6,13,21
High,A0A0H3N8J9,5,10,21
High,A0A0H3NGK5,25,18,26
High,A0A0H3NB47,16,25,15
High,A0A0H3N993,21,33,14
High,A0A0H3NDY7,5,7,25
High,A0A0H3NJD1,17,6,28
High,A0A0H3NIG5,15,32,32
High,A0A0H3N939,23,40,26
High,A0A0H3NMS6,23,30,8
High,A0A0H3NV02,15,18,23
High,A0A0H3NHN1,15,14,24
High,A0A0H3NJM9,13,16,18
High,A0A0H3NM41,20,23,14
High,A0A0H3NGE9,18,12,34
High,A0A0H3NDC4,16,20,18
High,A0A0H3NX56,14,16,27
High,A0A0H3NDJ5,25,22,21
High,A0A0H3NEP1,22,28,29
High,A0A0H3NCC4,21,26,24
High,A0A0H3NK95,16,18,12
High,A0A0H3NJ32,15,26,14
High,A0A0H3NA64,27,27,21
High,A0A0H3NLN2,29,12,23
High,A0A0H3NIH7,27,12,12
High,A0A0H3NPY6,16,23,9
High,A0A0H3P012,26,42,18
High,A0A0H3NGM6,21,14,23
High,A0A0H3NF08,9,7,32
High,A0A0H3NA28,8,10,21
High,A0A0H3NGB2,24,22,30
High,A0A0H3NAM1,26,25,21
High,A0A0H3N8R3,18,9,18
High,A0A0H3NCA7,14,20,23
High,A0A0H3NF99,25,24,26
High,A0A0H3NJE9,14,13,30
High,A0A0H3NJN5,25,17,19
High,A0A0H3NJ98,20,23,34
High,A0A0H3NQ07,25,35,17
High,A0A0H3N9P1,21,12,18
High,A0A0H3NH73,20,37,5
High,A0A0H3NIV4,11,25,24
High,A0A0H3NFV8,5,5,24
High,A0A0H3NH37,9,19,14
High,A0A0H3NTR4,23,10,20
High,A0A0H3NPC0,7,26,9
High,A0A0H3NDC3,12,15,27
High,A0A0H3N7J7,12,22,28
High,A0A0H3NJT6,10,24,8
High,A0A0H3NQW3,3,20,16
High,A0A0H3NLC0,10,12,50
High,A0A0H3ND59,8,13,9
High,A0A0H3NGG5,7,10,22
High,A0A0H3NIT1,16,18,13
High,A0A0H3NQ25,17,26,7
High,A0A0H3NI83,33,20,18
High,A0A0H3NF30,29,17,
High,A0A0H3NLE7,2,2,17
High,A0A0H3NBR4,13,15,31
High,A0A0H3N8R9,12,17,6
High,A0A0H3NF69,2,6,16
High,A0A0H3NB36,11,8,23
High,A0A0H3N8H1,25,31,26
High,A0A0H3NBJ3,12,27,29
High,A0A0H3N7Z6,11,26,22
High,A0A0H3NF75,20,30,14
High,A0A0H3NHE5,15,23,18
High,A0A0H3NVF4,18,21,15
High,A0A0H3N7T6,11,28,
High,A0A0H3NDD4,15,14,30
High,A0A0H3NG10,12,22,4
High,A0A0H3NCK0,22,26,14
High,A0A0H3NW96,14,22,13
High,A0A0H3NMI8,4,8,19
High,A0A0H3N9Z5,12,18,10
High,A0A0H3NDE9,10,15,24
High,A0A0H3NC66,24,17,22
High,A0A0H3NJT7,21,11,21
High,A0A0H3NFV1,27,27,22
High,A0A0H3NGD2,14,20,21
High,A0A0H3NDH0,32,42,22
High,A0A0H3NC38,21,18,17
High,A0A0H3NNY8,13,21,14
High,A0A0H3NGS4,29,35,36
High,A0A0H3NHS5,14,18,13
High,A0A0H3N9U5,2,4,28
High,A0A0H3NTG2,19,8,15
High,A0A0H3NPK1,14,17,22
High,A0A0H3NIW2,13,10,15
High,A0A0H3NAU3,13,19,3
High,A0A0H3NHG3,18,28,9
High,A0A0H3NFE6,7,6,36
High,A0A0H3NEX7,13,21,6
High,A0A0H3NQ89,8,12,20
High,A0A0H3NGW5,9,11,20
High,A0A0H3NP74,19,25,13
High,A0A0H3NIW4,9,16,12
High,A0A0H3NCU0,15,22,22
High,A0A0H3NM81,24,17,21
High,A0A0H3N839,7,6,15
High,A0A0H3NE82,26,6,9
High,A0A0H3NF34,18,10,22
High,A0A0H3NB93,22,21,15
High,A0A0H3NBS4,3,,20
High,A0A0H3NMA3,47,42,45
High,A0A0H3NAL3,13,22,30
High,A0A0H3NHK3,5,12,26
High,A0A0H3NWU4,26,17,26
High,A0A0H3NGC5,19,24,28
High,A0A0H3NJW2,16,27,24
High,A0A0H3NH82,20,19,23
High,A0A0H3NE09,10,9,22
High,A0A0H3NIE3,36,30,34
High,A0A0H3N986,2,1,22
High,A0A0H3NF93,26,25,17
High,A0A0H3NA46,13,21,17
High,A0A0H3NH61,15,13,22
High,A0A0H3NCR9,9,19,16
High,A0A0H3NPS6,17,21,9
High,A0A0H3NK15,29,21,26
High,A0A0H3NI19,6,15,27
High,A0A0H3NF11,7,7,40
High,A0A0H3NCB2,17,16,27
High,A0A0H3NDX2,5,18,14
High,A0A0H3NE35,15,9,13
High,A0A0H3NH99,2,6,15
High,A0A0H3NFP8,17,29,17
High,A0A0H3NDK5,13,24,9
High,A0A0H3NGG2,100,133,44
High,A0A0H3NDL5,16,14,12
High,A0A0H3NAL7,10,18,18
High,A0A0H3NM19,25,12,21
High,A0A0H3NBE1,19,28,13
High,A0A0H3NDC6,18,26,25
High,A0A0H3NFR4,13,26,4
High,A0A0H3NJ52,,1,26
High,A0A0H3NPW4,14,29,19
High,A0A0H3NHR5,6,6,14
High,A0A0H3NHE9,14,18,20
High,A0A0H3NQ21,11,7,15
High,A0A0H3NIM0,18,15,26
High,A0A0H3NBC5,10,7,20
High,A0A0H3NE94,11,17,21
High,A0A0H3N869,14,16,27
High,A0A0H3NJN0,24,23,21
High,A0A0H3NB74,1,1,15
High,A0A0H3NG83,19,31,14
High,A0A0H3NIC3,16,12,10
High,A0A0H3NFW7,16,18,13
High,A0A0H3N8N8,20,25,19
High,A0A0H3N9R4,6,7,18
High,A0A0H3NJM5,10,21,18
High,A0A0H3NLA6,21,27,17
High,A0A0H3NBR0,15,12,10
High,A0A0H3NT89,9,7,25
High,A0A0H3NIN4,5,8,16
High,A0A0H3NJC7,11,20,19
High,A0A0H3NMP1,82,119,42
High,A0A0H3NWK5,18,19,30
High,A0A0H3NDT3,17,17,16
High,A0A0H3NIU5,16,26,25
High,A0A0H3NCU1,8,15,6
High,A0A0H3NKU8,13,14,10
High,A0A0H3NIY9,37,38,25
High,A0A0H3ND05,13,13,26
High,A0A0H3N9K3,6,14,22
High,A0A0H3NB56,21,36,19
High,A0A0H3NHE0,19,20,20
High,A0A0H3NEI9,16,25,17
High,A0A0H3NBV6,11,8,23
High,A0A0H3NCS2,25,16,19
High,A0A0H3NEZ5,17,13,17
High,A0A0H3N971,16,30,1
High,A0A0H3NX26,12,1,22
High,A0A0H3NR39,19,23,23
High,A0A0H3N7T0,16,20,19
High,A0A0H3NUM4,13,24,25
High,A0A0H3NJF4,31,27,23
High,A0A0H3NTA4,29,29,27
High,A0A0H3NW91,18,19,3
High,A0A0H3N907,17,22,16
High,A0A0H3NHK5,21,22,12
High,A0A0H3NKX3,9,6,28
High,A0A0H3NJP8,11,10,26
High,A0A0H3NI75,18,25,18
High,A0A0H3NMU1,12,5,14
High,A0A0H3NMY1,14,22,14
High,A0A0H3NCB5,23,19,9
High,A0A0H3NEN7,19,22,20
High,A0A0H3NEI2,15,20,6
High,A0A0H3NCJ6,11,11,26
High,A0A0H3NIK2,19,16,14
High,A0A0H3NIA8,3,5,13
High,A0A0H3NWL4,21,31,8
High,E1WH94,14,22,18
High,A0A0H3NU57,13,13,12
High,A0A0H3NDQ1,26,22,32
High,A0A0H3NC36,6,17,22
High,A0A0H3NCX0,9,11,27
High,A0A0H3NA98,18,21,16
High,A0A0H3NHP9,23,23,22
High,A0A0H3NTM9,20,21,8
High,A0A0H3NHV5,12,31,22
High,A0A0H3NK48,18,25,3
High,A0A0H3NFG0,18,7,13
High,A0A0H3NGW4,8,13,12
High,A0A0H3NIN3,18,11,13
High,A0A0H3NKP5,7,7,22
High,A0A0H3NBE8,15,17,20
High,A0A0H3NIE2,27,27,14
High,A0A0H3NIX0,2,12,14
High,A0A0H3NC58,20,40,22
High,A0A0H3NVK3,23,23,26
High,A0A0H3NG03,13,19,23
High,A0A0H3NEV8,21,26,3
High,A0A0H3NGT1,12,20,17
High,A0A0H3NHZ5,13,12,14
High,A0A0H3NH29,6,5,12
High,A0A0H3N9D2,15,23,5
High,A0A0H3NJL2,31,23,25
High,A0A0H3NH74,12,3,14
High,A0A0H3NH02,18,24,2
High,A0A0H3NK80,19,11,28
High,A0A0H3NII3,23,13,11
High,A0A0H3N977,5,8,9
High,A0A0H3NL47,,1,11
High,A0A0H3NCU6,13,18,22
High,A0A0H3NHD3,5,8,20
High,A0A0H3NHB9,24,26,47
High,A0A0H3NVF0,9,16,6
High,A0A0H3NKT2,9,12,20
High,A0A0H3NME6,36,24,21
High,A0A0H3NFI6,13,6,13
High,A0A0H3NE52,7,7,20
High,A0A0H3NHJ6,28,16,21
High,A0A0H3NFJ2,18,20,15
High,A0A0H3NHQ1,13,9,23
High,A0A0H3NCT4,14,16,31
High,A0A0H3N7V5,14,11,15
High,A0A0H3ND93,9,6,25
High,A0A0H3NNE7,27,15,23
High,A0A0H3NLV3,19,17,22
High,A0A0H3NC43,12,15,16
High,A0A0H3NAL1,32,22,19
High,A0A0H3NJI1,13,19,16
High,A0A0H3NGU9,3,4,17
High,A0A0H3NL78,13,11,
High,A0A0H3NGY3,12,22,13
High,A0A0H3NJ35,26,24,25
High,A0A0H3N9P3,8,5,16
High,A0A0H3N8Q8,14,16,10
High,A0A0H3N9B1,24,8,
High,A0A0H3NWD1,24,18,17
High,A0A0H3NFJ8,17,16,22
High,A0A0H3N8K2,18,19,6
High,A0A0H3NHL4,14,18,20
High,A0A0H3NJ03,10,19,8
High,A0A0H3N7X7,10,3,20
High,A0A0H3NAC0,9,9,13
High,A0A0H3NAK1,13,25,4
High,A0A0H3NNG3,17,33,6
High,A0A0H3NGM3,15,30,2
High,A0A0H3N8W6,11,10,18
High,A0A0H3NA62,15,7,22
High,A0A0H3NK81,18,16,26
High,A0A0H3NLK8,11,19,10
High,A0A0H3NIF7,21,6,17
High,A0A0H3NDZ4,11,11,15
High,A0A0H3NKP6,22,12,13
High,A0A0H3N7M9,20,18,8
High,A0A0H3NF49,18,20,15
High,A0A0H3NFN9,20,10,18
High,A0A0H3NHM7,12,8,21
High,A0A0H3NDQ7,10,13,12
High,A0A0H3NE13,17,14,20
High,A0A0H3NHS9,11,26,3
High,A0A0H3NFI4,36,32,12
High,A0A0H3N9J8,1,8,17
High,A0A0H3NLL2,14,12,15
High,A0A0H3NK68,16,12,13
High,A0A0H3NBL8,11,18,4
High,A0A0H3NMD8,6,17,16
High,A0A0H3NP10,12,23,26
High,A0A0H3NG85,13,27,4
High,A0A0H3N9Y5,16,14,19
High,A0A0H3NDT2,19,22,1
High,A0A0H3NCG2,11,18,5
High,A0A0H3NLZ5,11,12,12
High,A0A0H3NH00,14,18,3
High,A0A0H3NIK8,6,2,18
High,A0A0H3NBP1,15,16,20
High,A0A0H3NKF5,11,19,10
High,A0A0H3NAX6,23,22,7
High,A0A0H3NJ39,14,18,16
High,A0A0H3NL63,38,36,24
High,A0A0H3NJL5,2,3,9
High,A0A0H3NG30,19,14,10
High,A0A0H3NJ81,16,20,13
High,A0A0H3NAT8,21,18,16
High,A0A0H3NDJ4,15,25,12
High,A0A0H3NW66,11,23,11
High,A0A0H3NEW1,11,16,12
High,E1W823,9,12,10
High,A0A0H3NCN8,15,24,5
High,A0A0H3N9C2,13,20,3
High,A0A0H3NV32,12,14,19
High,A0A0H3NC22,26,32,14
High,A0A0H3N7L9,11,11,18
High,A0A0H3NCT9,2,3,17
High,A0A0H3NN77,8,10,15
High,A0A0H3NU14,12,14,5
High,A0A0H3NJR0,22,14,22
High,A0A0H3NRG4,25,31,13
High,A0A0H3NP77,17,16,17
High,A0A0H3NDA8,28,27,17
High,A0A0H3NPV4,16,14,19
High,A0A0H3NM13,15,24,12
High,A0A0H3NLG0,12,17,15
High,A0A0H3P197,8,15,12
High,A0A0H3NJ09,18,18,10
High,A0A0H3N8B1,13,16,24
High,A0A0H3NE25,9,15,3
High,A0A0H3NF38,12,10,13
High,A0A0H3N7W7,16,18,1
High,A0A0H3N8S6,6,10,13
High,A0A0H3NKQ2,14,24,10
High,A0A0H3N7P7,15,17,14
High,A0A0H3NU09,1,10,16
High,A0A0H3NF10,14,18,20
High,A0A0H3NIM1,10,19,10
High,A0A0H3NEJ3,12,16,22
High,A0A0H3NDS7,9,13,12
High,A0A0H3NCQ4,12,16,21
High,A0A0H3NC14,,,17
High,A0A0H3NL19,13,21,23
High,A0A0H3NJL1,7,19,22
High,A0A0H3N8I2,13,13,17
High,A0A0H3NPH9,13,15,20
High,A0A0H3NA27,5,3,12
High,A0A0H3NIF9,12,19,18
High,A0A0H3NER0,5,7,13
High,A0A0H3NJZ4,39,34,27
High,A0A0H3NM20,13,4,14
High,A0A0H3NBW1,15,12,17
High,A0A0H3NHB5,14,11,3
High,A0A0H3NLT0,1,3,18
High,A0A0H3NTP6,11,9,12
High,A0A0H3NMY6,12,13,24
High,A0A0H3NEW0,22,26,4
High,A0A0H3NGV6,18,28,20
High,A0A0H3NFM2,25,16,13
High,A0A0H3NCP8,14,17,13
High,A0A0H3NDX3,1,3,13
High,A0A0H3NVY8,18,11,27
High,A0A0H3NFK5,10,6,12
High,A0A0H3N9Y1,14,29,4
High,A0A0H3NJE8,11,18,13
High,A0A0H3N8V9,1,6,8
High,A0A0H3ND20,12,19,19
High,A0A0H3NMJ5,5,9,16
High,A0A0H3NI74,10,20,19
High,A0A0H3NLB5,3,6,20
High,A0A0H3NAP3,16,14,16
High,A0A0H3N8X4,12,24,21
High,A0A0H3NCW8,14,7,11
High,A0A0H3N958,22,23,9
High,A0A0H3NFQ1,15,21,19
High,A0A0H3NHN4,9,12,15
High,A0A0H3ND11,15,13,31
High,A0A0H3NNJ9,15,13,30
High,A0A0H3NIU6,12,12,10
High,A0A0H3NTV2,8,5,9
High,A0A0H3NN81,16,8,14
High,A0A0H3NAJ8,13,18,8
High,A0A0H3NCS6,24,18,23
High,A0A0H3NMC7,13,15,11
High,A0A0H3NCS9,8,13,15
High,A0A0H3NKG5,22,14,4
High,A0A0H3NFE7,17,21,12
High,A0A0H3NMT3,2,3,24
High,A0A0H3NFJ3,11,13,18
High,A0A0H3NER8,18,8,12
High,A0A0H3NJF7,15,7,21
High,A0A0H3NCM2,,,11
High,A0A0H3NIN2,21,21,18
High,A0A0H3NUM9,3,2,15
High,A0A0H3NE03,18,11,17
High,A0A0H3NG46,8,5,7
High,A0A0H3NC55,21,21,22
High,A0A0H3NJB3,8,15,15
High,A0A0H3NH08,28,23,25
High,A0A0H3NHT2,17,29,14
High,A0A0H3NFP0,9,9,4
High,A0A0H3NF43,10,10,19
High,E1WA34,9,15,18
High,A0A0H3N9U2,15,15,19
High,A0A0H3NAQ6,14,18,17
High,A0A0H3NDS2,,,11
High,A0A0H3NDV6,10,23,4
High,A0A0H3P1A7,14,8,6
High,A0A0H3NIX7,16,9,2
High,A0A0H3NJC4,18,19,17
High,A0A0H3NK73,12,9,11
High,A0A0H3N7W4,10,8,18
High,A0A0H3NVK9,7,9,14
High,A0A0H3NH85,2,2,21
High,A0A0H3NKV9,6,9,17
High,A0A0H3NDN9,7,16,18
High,A0A0H3N842,6,8,21
High,A0A0H3NC46,11,15,18
High,A0A0H3NCZ4,12,18,4
High,A0A0H3NLC5,11,12,26
High,A0A0H3NIL7,18,21,13
High,A0A0H3NHE3,7,14,11
High,A0A0H3NFA2,22,28,3
High,A0A0H3NL57,10,4,17
High,A0A0H3NQE7,8,19,
High,A0A0H3N973,4,3,19
High,A0A0H3NIM9,17,15,15
High,A0A0H3NGL1,12,22,6
High,A0A0H3NLG6,7,9,22
High,A0A0H3NJK5,2,4,19
High,A0A0H3NWH4,8,12,20
High,A0A0H3NB18,12,18,18
High,A0A0H3NJY4,6,8,18
High,A0A0H3NCD5,12,18,16
High,A0A0H3NB62,10,6,28
High,A0A0H3NA85,21,29,6
High,A0A0H3NLF1,17,18,2
High,A0A0H3NDC8,,,16
High,A0A0H3NFD9,4,5,12
High,A0A0H3NI29,6,17,21
High,A0A0H3NSD6,14,16,18
High,A0A0H3NKP3,3,5,13
High,A0A0H3NFR1,1,8,17
High,A0A0H3NFE4,13,18,14
High,A0A0H3NSF0,7,7,14
High,A0A0H3N8Q3,15,13,13
High,A0A0H3NMV0,4,8,9
High,A0A0H3NKW8,9,9,22
High,A0A0H3NNK6,7,13,17
High,A0A0H3NKK4,7,9,9
High,A0A0H3NHK7,12,11,13
High,A0A0H3NJ13,4,6,14
High,A0A0H3NMZ6,10,15,26
High,A0A0H3NA24,18,19,11
High,A0A0H3N902,49,60,40
High,A0A0H3NRU9,3,2,21
High,A0A0H3N9P5,10,14,14
High,A0A0H3NGA5,3,2,13
High,A0A0H3NHJ7,10,26,
High,A0A0H3NH93,15,21,14
High,A0A0H3N8Y9,7,9,11
High,A0A0H3NV08,4,4,14
High,A0A0H3NUI5,8,10,14
High,A0A0H3NAS5,9,10,15
High,A0A0H3NEL3,7,7,13
High,A0A0H3NBH6,11,15,8
High,A0A0H3NJF8,13,17,2
High,A0A0H3NGB1,6,1,13
High,A0A0H3NW79,15,24,1
High,A0A0H3NCX4,14,23,5
High,A0A0H3NEY1,14,22,10
High,A0A0H3NDH7,15,16,17
High,A0A0H3NKL0,11,24,3
High,A0A0H3ND74,6,13,11
High,A0A0H3NB21,7,14,12
High,A0A0H3NDM5,7,9,24
High,A0A0H3NHJ9,2,6,6
High,A0A0H3N9C8,11,13,13
High,A0A0H3NSZ5,17,16,13
High,A0A0H3NCZ9,12,10,12
High,A0A0H3NJS7,15,21,10
High,A0A0H3NDI7,5,5,13
High,A0A0H3NM24,10,9,11
High,A0A0H3N8C3,11,22,16
High,A0A0H3NCN6,4,12,5
High,A0A0H3P087,11,7,19
High,A0A0H3NLP1,13,13,17
High,A0A0H3NDB7,8,14,17
High,A0A0H3NGT2,7,13,5
High,A0A0H3NTJ7,20,23,7
High,A0A0H3NJ33,9,26,2
High,A0A0H3NYH7,7,12,13
High,A0A0H3NBG2,12,14,10
High,A0A0H3NNI7,11,7,20
High,A0A0H3NIB4,8,17,9
High,A0A0H3NI40,15,12,22
High,A0A0H3NFL5,6,9,18
High,A0A0H3N847,12,12,10
High,A0A0H3NGP7,36,24,26
High,A0A0H3NTU2,20,17,15
High,A0A0H3NE83,8,11,14
High,A0A0H3NF28,9,12,19
High,A0A0H3NX64,14,19,11
High,A0A0H3NKJ5,14,16,
High,A0A0H3NF33,1,1,19
High,A0A0H3NPI6,6,8,12
High,A0A0H3NID0,4,15,9
High,A0A0H3NB06,4,8,22
High,A0A0H3NEL7,5,10,21
High,A0A0H3NX69,16,16,7
High,A0A0H3NHN9,10,15,13
High,A0A0H3NA09,6,6,11
High,A0A0H3NAY3,12,8,12
High,A0A0H3NCE8,7,10,14
High,A0A0H3N7L4,4,5,13
High,A0A0H3NHB4,14,16,20
High,A0A0H3NI33,7,13,1
High,A0A0H3NM68,5,8,11
High,E1WAB4,24,25,18
High,A0A0H3NBQ6,18,30,18
High,A0A0H3N9Y4,9,18,11
High,A0A0H3NGV7,18,13,7
High,A0A0H3NSR3,46,44,22
High,A0A0H3NC59,10,11,15
High,A0A0H3NHH9,11,14,5
High,A0A0H3NN94,,,19
High,A0A0H3NAK5,7,9,14
High,A0A0H3NBT2,8,5,10
High,A0A0H3ND72,8,9,24
High,A0A0H3NCY3,11,22,7
High,A0A0H3NK04,14,24,10
High,A0A0H3NSQ2,8,14,26
High,A0A0H3NS91,18,11,2
High,A0A0H3NSV2,28,22,27
High,A0A0H3NI61,3,7,13
High,A0A0H3NLC3,7,9,25
High,A0A0H3NTF2,24,16,16
High,A0A0H3N881,9,14,10
High,A0A0H3P1A0,,3,12
High,A0A0H3NGA1,10,8,27
High,A0A0H3NJJ4,13,17,8
High,A0A0H3NA89,11,18,7
High,A0A0H3NBU5,11,10,13
High,A0A0H3N904,2,3,14
High,A0A0H3NHD8,23,19,17
High,A0A0H3NLT2,12,14,8
High,A0A0H3NP17,9,16,11
High,A0A0H3NGD5,9,12,11
High,A0A0G2PMS6,25,18,10
High,A0A0H3NQU8,3,20,13
High,A0A0H3NII5,9,15,5
High,A0A0H3NR97,12,17,5
High,A0A0H3N7T4,7,4,12
High,A0A0H3NIN5,2,10,8
High,A0A0H3N933,8,5,8
High,A0A0H3NFC3,4,8,8
High,A0A0H3NA08,13,11,14
High,A0A0H3NR84,7,10,17
High,A0A0H3NIM4,12,20,11
High,A0A0H3NBJ4,10,23,
High,A0A0H3NI35,5,16,6
High,A0A0H3NJB0,9,12,15
High,A0A0H3NIK0,12,21,6
High,A0A0H3NFC8,5,7,9
High,A0A0H3NMF3,46,40,27
High,A0A0H3NRJ9,15,11,30
High,A0A0H3NE38,19,29,8
High,A0A0H3NJ87,5,5,13
High,A0A0H3NAB5,12,17,7
High,A0A0H3NNY9,25,27,21
High,A0A0H3NEM1,2,1,22
High,A0A0H3NDS5,8,12,9
High,A0A0H3NFN6,17,14,16
High,A0A0H3NJ22,6,6,14
High,A0A0H3NHF0,36,42,21
High,A0A0H3NE04,11,14,13
High,A0A0H3NVD3,7,10,4
High,A0A0H3NH53,5,14,15
High,A0A0H3NJR4,4,12,18
High,A0A0H3NCJ9,7,13,8
High,A0A0H3NAR0,10,13,14
High,A0A0H3NPE4,15,10,14
High,A0A0H3NC75,6,7,16
High,A0A0H3NGK9,20,10,8
High,A0A0H3NIA0,15,15,18
High,A0A0H3NC94,28,29,10
High,A0A0H3NR30,6,6,21
High,A0A0H3NQ47,11,14,15
High,A0A0H3NL25,12,24,12
High,A0A0H3NNU6,62,40,66
High,A0A0H3NJC9,11,13,10
High,A0A0H3NPS5,17,20,22
High,A0A0H3NGG0,14,16,18
High,A0A0H3NM46,6,3,18
High,A0A0H3NE51,1,2,10
High,A0A0H3NDY8,1,10,4
High,A0A0H3NB88,,,20
High,A0A0H3N9E5,9,14,14
High,A0A0H3N8K5,6,13,
High,A0A0H3NHW4,7,15,4
High,A0A0H3NVW3,9,14,11
High,A0A0H3N9C5,5,7,18
High,A0A0H3NR89,15,19,16
High,A0A0H3N9J4,9,14,13
High,A0A0H3NAD6,19,25,23
High,A0A0H3NSF7,6,19,14
High,A0A0H3ND69,3,7,16
High,A0A0H3NG32,13,8,3
High,A0A0H3NBA6,10,6,9
High,A0A0H3NCR5,12,8,
High,A0A0H3NWY1,12,30,13
High,A0A0H3NKU5,11,10,8
High,A0A0H3NK31,8,16,17
High,A0A0H3NNE0,14,24,11
High,A0A0H3NKI3,7,4,13
High,A0A0H3NCN2,4,3,14
High,A0A0H3NMG1,25,40,41
High,A0A0H3NBB6,22,18,13
High,A0A0H3NKK7,15,22,7
High,A0A0H3NLJ7,10,11,
High,A0A0H3N7U6,16,7,14
High,A0A0H3NGN2,12,20,15
High,A0A0H3NKF0,15,16,16
High,A0A0H3NE42,22,18,8
High,A0A0H3NCR1,13,19,1
High,A0A0H3NE72,5,15,2
High,A0A0H3NHS7,7,10,19
High,A0A0H3NJ24,8,16,9
High,A0A0H3NHY1,13,4,8
High,A0A0H3NC90,10,2,8
High,A0A0H3NHW6,7,16,5
High,A0A0H3NDS3,15,15,6
High,A0A0H3NDV9,8,7,9
High,A0A0H3NI85,4,1,8
High,A0A0H3NCP5,7,4,7
High,A0A0H3NFS7,10,11,3
High,A0A0H3NSP6,9,13,13
High,A0A0H3NJR3,10,18,7
High,A0A0H3NCW0,9,6,7
High,A0A0H3NDR1,7,9,7
High,A0A0H3NL45,8,17,17
High,A0A0H3NMT0,,,23
High,A0A0H3NC54,4,19,10
High,A0A0H3NGS2,10,7,18
High,A0A0H3NIR6,8,7,20
High,A0A0H3NAQ7,3,10,9
High,A0A0H3N9W8,8,11,1
High,A0A0H3NF59,11,13,4
High,A0A0H3NDS1,16,8,11
High,A0A0H3NGH3,7,8,11
High,A0A0H3NGF7,1,2,9
High,A0A0H3NL83,6,3,11
High,A0A0H3NQ33,5,2,10
High,A0A0H3NXR8,1,3,15
High,A0A0H3NEA4,5,11,11
High,A0A0H3NLX5,2,3,13
High,A0A0H3NFH7,5,13,6
High,A0A0H3NHM9,10,11,8
High,A0A0H3NNQ1,2,7,14
High,A0A0H3NU72,3,3,9
High,A0A0H3P019,8,13,11
High,A0A0H3NJ96,9,14,16
High,A0A0H3NE73,8,,8
High,A0A0H3NE86,8,8,14
High,A0A0H3NRQ8,7,7,14
High,A0A0H3NAM2,15,18,9
High,A0A0H3NA40,16,24,14
High,A0A0H3NM64,,,7
High,A0A0H3N7H3,9,15,19
High,A0A0H3NDK0,14,13,8
High,A0A0H3N8S8,8,2,4
High,A0A0H3NHZ3,2,10,10
High,A0A0H3NNI5,12,5,10
High,A0A0H3NAX3,15,4,2
High,A0A0H3NIS8,11,12,18
High,A0A0H3N800,8,14,20
High,A0A0H3NIF5,6,11,14
High,A0A0H3NDB1,10,14,10
High,A0A0H3NJ10,8,14,15
High,A0A0H3NJF5,8,14,9
High,A0A0H3NCG7,11,12,15
High,A0A0H3NCN3,10,14,4
High,A0A0H3NGK8,15,17,1
High,A0A0H3NHJ8,10,12,21
High,A0A0H3NJC5,11,18,1
High,A0A0H3NHG0,10,5,7
High,A0A0H3NI89,5,15,14
High,A0A0H3NJD7,9,15,13
High,A0A0H3NIS0,4,4,13
High,A0A0H3NQF8,14,22,1
High,A0A0H3NVD8,15,22,12
High,A0A0H3NLY8,9,14,2
High,A0A0H3ND14,8,11,11
High,A0A0H3NG37,5,6,15
High,A0A0H3NIF2,5,7,14
High,A0A0H3N949,15,23,16
High,A0A0H3NKV2,11,18,7
High,A0A0H3NXI2,14,20,4
High,A0A0H3NLB7,15,22,3
High,A0A0H3NDK8,7,14,
High,A0A0H3NBT1,1,2,16
High,A0A0H3NK00,7,13,10
High,A0A0H3NDV0,6,7,6
High,A0A0H3N876,9,7,4
High,A0A0H3NK77,13,19,10
High,A0A0H3NFV4,12,22,10
High,A0A0H3N8U9,16,10,8
High,A0A0H3NLM1,4,10,11
High,A0A0H3NHH3,21,13,17
High,A0A0H3NFQ2,12,16,7
High,A0A0H3NRE0,16,22,5
High,A0A0H3NMK2,4,9,6
High,A0A0H3NDD0,,1,22
High,A0A0H3NI10,,2,12
High,A0A0H3NGN0,6,8,8
High,A0A0H3NST4,14,16,11
High,A0A0H3NAI2,11,16,5
High,A0A0H3NEP5,7,10,10
High,A0A0H3NH55,5,6,13
High,A0A0H3NIS9,12,13,2
High,A0A0H3NJ89,6,13,6
High,A0A0H3N8Z7,7,20,3
High,A0A0H3NDX5,7,9,7
High,A0A0H3NFX5,8,19,1
High,A0A0H3P187,,,19
High,A0A0H3N972,12,14,13
High,A0A0H3NC04,9,8,11
High,A0A0H3NIM8,,1,12
High,A0A0H3NEB2,4,4,9
High,A0A0H3NHX4,6,3,10
High,A0A0H3NFK3,11,10,11
High,A0A0H3NBZ6,4,14,12
High,A0A0H3NNY3,3,8,9
High,A0A0H3NCH8,18,16,1
High,A0A0H3NIZ4,6,9,21
High,A0A0H3NDM2,10,19,15
High,A0A0H3NAD9,8,19,1
High,A0A0H3NAS0,42,16,44
High,A0A0H3NDL7,4,15,16
High,A0A0H3NG04,6,9,14
High,A0A0H3NNV1,4,4,21
High,A0A0H3NIB0,5,10,5
High,A0A0H3P042,,1,11
High,A0A0H3N9V2,7,8,8
High,A0A0H3NF91,3,2,11
High,A0A0H3NHY6,7,,8
High,A0A0H3NI07,14,8,7
High,A0A0H3NLD5,12,9,9
High,A0A0H3NLY2,4,3,14
High,A0A0H3NKI8,9,,2
High,A0A0H3NUU9,10,18,1
High,A0A0H3NEE8,8,17,1
High,A0A0H3NGB6,14,24,3
High,A0A0H3NRS7,5,11,1
High,A0A0H3NDH6,10,8,14
High,A0A0H3NFA1,10,8,23
High,A0A0H3N8B8,8,7,6
High,A0A0H3P005,9,15,3
High,A0A0H3NHA7,5,12,11
High,A0A0H3NAA1,10,7,9
High,A0A0H3NES5,6,10,7
High,A0A0H3NF85,13,13,13
High,A0A0H3NAV1,11,10,12
High,A0A0H3NRR6,4,9,11
High,A0A0H3NJ04,,2,12
High,A0A0H3NFX4,13,6,7
High,A0A0H3NH40,3,4,6
High,A0A0H3P199,6,8,14
High,A0A0H3NIV5,27,18,16
High,A0A0H3NDB4,14,14,3
High,A0A0H3NFW0,21,18,19
High,A0A0H3NJ15,7,20,1
High,A0A0H3ND62,12,12,13
High,A0A0H3NKJ1,6,8,11
High,A0A0H3NPD2,7,9,7
High,A0A0H3NGT9,9,13,6
High,A0A0H3N7H5,13,6,6
High,A0A0H3NIS2,13,12,19
High,A0A0H3NS69,2,9,13
High,A0A0H3NFZ9,12,7,5
High,A0A0H3NX38,13,1,9
High,A0A0H3NIW8,11,12,4
High,A0A0H3NH35,3,1,6
High,A0A0H3N8Y4,16,11,15
High,A0A0H3NQ82,11,9,8
High,A0A0H3N9F7,7,2,11
High,A0A0H3NA43,16,15,15
High,A0A0H3NMD3,8,10,2
High,A0A0H3NHR8,9,8,7
High,A0A0H3NGU1,7,9,5
High,A0A0H3NLR7,7,9,11
High,A0A0H3NKH6,7,11,16
High,A0A0H3NHS1,8,16,6
High,A0A0H3NDY3,4,9,
High,A0A0H3N826,11,19,13
High,A0A0H3NGP9,11,11,5
High,A0A0H3NDN4,13,10,11
High,A0A0H3NDV8,8,9,25
High,A0A0H3NH11,16,14,16
High,A0A0H3NGH9,12,19,12
High,A0A0H3NI54,12,9,
High,A0A0H3NDP0,5,8,11
High,A0A0H3N7G7,7,8,20
High,A0A0H3N981,6,7,5
High,A0A0H3NEE7,12,10,4
High,A0A0H3ND12,5,2,10
High,A0A0H3NKF6,4,9,7
High,A0A0H3NA69,7,11,4
High,A0A0H3NCB1,18,10,8
High,A0A0H3NBS9,13,20,5
High,A0A0H3NMP9,7,12,3
High,A0A0H3NKR8,11,13,7
High,A0A0H3NL28,14,21,4
High,A0A0H3NJ14,2,4,10
High,A0A0H3NIH2,4,8,2
High,A0A0H3NB80,5,5,9
High,A0A0H3NIH3,7,10,6
High,A0A0H3NHN0,13,6,
High,A0A0H3P198,7,16,17
High,A0A0H3NNG2,6,11,4
High,A0A0H3NHE8,2,2,13
High,A0A0H3NJ90,10,12,13
High,A0A0H3NQQ6,8,13,2
High,A0A0H3N9F6,1,2,17
High,A0A0H3NR68,5,9,4
High,A0A0H3NDT1,8,13,2
High,A0A0H3NFR5,5,7,4
High,A0A0H3NMP0,9,13,7
High,A0A0H3ND55,18,11,12
High,A0A0H3NL31,7,6,5
High,A0A0H3NB07,7,10,11
High,A0A0H3NPB4,7,5,6
High,A0A0H3NE32,16,8,8
High,A0A0H3NDL2,12,20,20
High,A0A0H3NN11,4,4,7
High,A0A0H3NCN5,11,17,7
High,A0A0H3P176,9,12,11
High,A0A0H3NPT2,8,12,
High,A0A0H3NGA8,5,8,6
High,A0A0H3NK62,9,12,1
High,A0A0H3NHZ0,14,8,14
High,A0A0H3NF98,12,15,13
High,A0A0H3NEZ4,6,10,
High,A0A0H3NDI3,5,2,9
High,P0DUJ7,4,4,5
High,A0A0H3NJH7,,,8
High,A0A0H3P049,9,12,15
High,A0A0H3NHX7,4,8,13
High,A0A0H3NHF1,3,6,4
High,A0A0H3NPD8,6,5,8
High,A0A0H3NBC2,16,5,6
High,A0A0H3NIA9,5,8,18
High,A0A0H3NA44,4,6,12
High,A0A0H3N9C3,11,6,13
High,A0A0H3NG33,12,10,13
High,A0A0H3N7Y4,1,4,9
High,A0A0H3NJ67,5,3,10
High,A0A0H3NN68,3,5,8
High,A0A0H3NTW7,11,14,4
High,A0A0H3NT79,8,9,15
High,A0A0H3NV35,6,10,1
High,A0A0H3ND79,8,8,2
High,A0A0H3NXV7,10,11,5
High,A0A0H3NN41,1,5,5
High,A0A0H3NUK6,10,15,11
High,A0A0H3NCX9,15,21,9
High,A0A0H3NI04,2,10,6
High,A0A0H3NDZ1,1,3,13
High,A0A0H3NF02,13,9,11
High,A0A0H3NII9,7,8,1
High,A0A0H3NKQ0,10,12,1
High,A0A0H3NF44,12,5,
High,A0A0H3NIR5,2,4,14
High,A0A0H3NJA4,4,7,14
High,A0A0H3NGR5,5,6,10
High,A0A0G2PMS3,10,7,2
High,A0A0H3NL67,11,10,3
High,A0A0H3NG23,,3,6
High,A0A0H3N9F3,21,12,12
High,A0A0H3NHH8,8,12,1
High,A0A0H3NR44,8,10,11
High,A0A0H3NBA9,7,7,2
High,A0A0H3NGR4,12,18,12
High,A0A0H3NDJ3,17,12,14
High,A0A0H3NTI6,1,2,8
High,A0A0H3NKS4,7,5,2
High,A0A0H3NLL7,3,6,3
High,A0A0H3NID5,6,12,
High,A0A0H3NFW8,,14,6
High,A0A0H3NFU1,4,8,9
High,A0A0H3NSS7,18,17,11
High,A0A0H3NA80,10,12,7
High,A0A0H3NFI8,11,13,4
High,A0A0H3NA25,2,3,7
High,A0A0H3NNB7,10,9,12
High,A0A0H3NUZ9,7,13,6
High,A0A0H3NA53,9,7,12
High,A0A0H3NHH4,7,13,10
High,A0A0H3NIV9,9,10,8
High,A0A0H3NMQ1,,,9
High,A0A0H3NLV0,8,6,11
High,A0A0H3NH13,3,,6
High,A0A0H3N8V5,9,10,7
High,A0A0H3NFI1,8,4,7
High,A0A0H3NDG6,15,6,5
High,A0A0H3NK87,2,1,7
High,A0A0H3NFV0,7,6,4
High,A0A0H3NNS1,5,5,20
High,A0A0H3NJA5,10,5,8
High,A0A0H3NNN0,6,9,8
High,A0A0H3NIJ0,4,2,9
High,A0A0H3ND06,21,17,24
High,A0A0H3NFB5,3,5,12
High,A0A0H3NQ63,7,14,7
High,A0A0H3NIJ8,4,4,11
High,A0A0H3NKX5,6,7,7
High,A0A0H3NI97,3,,4
High,A0A0H3NG14,25,14,11
High,A0A0H3NCS5,5,10,5
High,A0A0H3NIP8,3,10,7
High,A0A0H3NIX8,,,6
High,A0A0H3NA81,2,1,4
High,A0A0H3NH63,1,3,11
High,A0A0H3NMS7,6,12,14
High,A0A0H3NLG9,4,10,2
High,A0A0H3NG57,4,11,11
High,A0A0H3NGJ4,9,11,11
High,A0A0H3NH68,3,10,12
High,A0A0H3NAY6,3,4,15
High,A0A0H3NWR5,3,6,5
High,A0A0H3NKA0,7,11,4
High,A0A0H3NGD3,8,6,4
High,A0A0H3NPY0,5,13,5
High,A0A0H3NFA5,15,12,15
High,A0A0H3NNX2,4,6,6
High,A0A0H3NHT0,5,7,1
High,A0A0H3NFK9,2,5,6
High,A0A0H3ND40,7,9,5
High,A0A0H3N9H5,9,12,9
High,A0A0H3NN90,9,16,2
High,A0A0H3ND34,8,12,14
High,A0A0H3NBI9,7,11,4
High,A0A0H3NEJ6,4,8,4
High,A0A0H3NJF9,4,8,12
High,A0A0H3NIA7,10,14,10
High,A0A0H3NC23,9,2,8
High,A0A0H3NBU7,5,14,4
High,A0A0H3NG15,,,11
High,A0A0H3NNW2,12,14,4
High,A0A0H3NBP7,5,15,3
High,A0A0H3NWN7,1,1,9
High,A0A0H3NPH0,15,10,38
High,A0A0H3N9I4,1,4,10
High,A0A0H3NKZ4,9,14,14
High,A0A0H3NU20,9,16,10
High,A0A0H3NH57,10,8,6
High,A0A0H3NPA9,,,9
High,A0A0H3NFY1,14,11,11
High,A0A0H3NBF2,6,8,6
High,A0A0H3NM85,21,18,22
High,A0A0H3NE58,,,5
High,A0A0H3NMT6,,1,8
High,A0A0H3NLA2,11,17,12
High,A0A0H3NG86,5,5,8
High,A0A0H3NLY9,4,8,2
High,A0A0H3NFH1,4,8,16
High,A0A0H3NB15,11,12,15
High,A0A0H3NB44,1,3,6
High,A0A0H3NDK7,13,14,11
High,A0A0H3NJY3,4,7,10
High,A0A0H3NTY5,4,2,10
High,A0A0H3NL24,3,5,13
High,A0A0H3NCL4,21,32,4
High,A0A0H3NHN6,6,16,7
High,A0A0H3NS32,7,8,9
High,A0A0H3NIF4,7,9,7
High,A0A0H3NJK4,1,1,4
High,A0A0H3NLD1,4,6,15
High,A0A0H3N994,5,11,7
High,A0A0H3NNU8,8,7,9
High,A0A0H3NKZ6,6,11,6
High,A0A0H3NJF6,11,5,8
High,A0A0H3NHK4,4,7,4
High,A0A0H3NNC2,7,9,9
High,A0A0H3NJA7,11,4,1
High,A0A0H3NR34,6,11,7
High,A0A0H3NJD2,9,17,6
High,A0A0H3NG39,2,6,8
High,A0A0H3NI26,8,5,1
High,A0A0H3NER9,7,6,6
High,A0A0H3NV13,3,5,11
High,A0A0H3NGI2,8,16,
High,A0A0H3NIZ1,9,8,6
High,A0A0H3NKS7,4,7,7
High,A0A0H3NIC5,5,7,10
High,A0A0H3NW74,4,2,8
High,A0A0H3NJY7,5,12,
High,A0A0H3NG88,10,20,
High,A0A0H3NBI5,5,12,4
High,A0A0H3NM59,7,5,10
High,A0A0H3NAW1,5,10,1
High,A0A0H3NKC9,7,12,9
High,A0A0H3NDW0,2,5,10
High,A0A0H3N9N6,15,10,7
High,A0A0H3NPT9,12,12,4
High,A0A0H3NKQ6,4,8,
High,A0A0H3NC03,6,13,1
High,A0A0H3NSS0,12,14,13
High,A0A0H3NER1,13,14,12
High,A0A0H3NF39,6,2,12
High,A0A0H3NGS6,2,3,9
High,A0A0H3NIX9,4,10,6
High,A0A0H3NIR4,4,11,2
High,A0A0H3NXS3,12,10,7
High,A0A0H3NE76,5,2,13
High,A0A0H3NNN3,5,8,10
High,A0A0H3NIG7,6,6,4
High,A0A0H3NLB4,9,21,1
High,A0A0H3NGB5,4,3,10
High,A0A0H3NJC2,1,3,7
High,A0A0H3NF94,14,7,10
High,A0A0H3NDD3,5,6,9
High,A0A0H3NP92,2,8,
High,A0A0H3ND01,6,2,1
High,A0A0H3NC61,11,7,6
High,A0A0H3NHA0,10,14,5
High,A0A0H3NFY2,6,10,11
High,A0A0H3NL74,15,9,
High,A0A0H3NA82,7,7,7
High,A0A0H3NB27,1,2,5
High,A0A0H3N7K6,6,10,9
High,A0A0H3NPH5,4,4,8
High,A0A0H3NNX6,,,12
High,A0A0H3NUR8,6,10,12
High,E1W818,10,14,5
High,A0A0H3NCI3,3,8,
High,A0A0H3N8V4,11,10,4
High,A0A0H3NUC4,4,9,9
High,A0A0H3NHA2,3,8,3
High,A0A0H3NQ28,,5,2
High,A0A0H3NNE2,5,8,8
High,A0A0H3NK99,10,10,10
High,A0A0H3NBL2,4,7,12
High,A0A0H3NFX7,5,13,1
High,A0A0H3NHJ3,3,6,2
High,A0A0H3NVU2,,,5
High,A0A0H3NB98,10,9,10
High,A0A0H3NMM0,8,4,2
High,A0A0H3NK33,8,4,8
High,A0A0H3NIT8,6,4,2
High,A0A0H3NBY6,6,14,7
High,A0A0H3NJS3,,,4
High,A0A0H3NHX3,8,11,3
High,A0A0H3NGL3,2,7,9
High,A0A0H3NEE3,2,3,11
High,A0A0H3NHL8,13,20,10
High,A0A0H3NIL8,6,8,8
High,A0A0H3NJW5,4,3,8
High,A0A0H3NME4,5,12,4
High,A0A0H3NHW7,8,5,2
High,A0A0H3NHR1,7,11,14
High,A0A0H3NHZ7,9,11,
High,A0A0H3NMZ2,2,11,
High,A0A0H3NBB8,3,6,7
High,A0A0H3NF95,6,5,
High,A0A0H3NBB1,8,12,2
High,A0A0H3NCF1,14,7,
High,A0A0H3NFH2,5,9,1
High,A0A0H3NDJ8,9,13,5
High,A0A0H3NJ60,11,8,2
High,A0A0H3NBS1,8,17,1
High,A0A0H3NM83,,,7
High,A0A0H3NA21,6,9,4
High,A0A0H3N9F2,1,1,5
High,A0A0H3NMK5,,4,6
High,A0A0H3NCR2,7,7,9
High,A0A0H3NPR0,9,6,1
High,A0A0H3NPT4,5,7,15
High,A0A0H3NJ02,9,7,3
High,A0A0H3NFP5,7,5,10
High,A0A0H3NIG2,10,4,11
High,A0A0H3NE67,5,7,10
High,A0A0H3NLA0,6,4,5
High,A0A0H3NCZ5,5,10,3
High,A0A0H3NC28,4,2,6
High,A0A0H3NIM5,11,11,8
High,A0A0H3N9Q0,6,5,9
High,A0A0H3P186,5,9,
High,A0A0H3NH95,3,8,6
High,A0A0H3NYN3,3,8,5
High,A0A0H3NPJ4,4,5,4
High,A0A0H3NNF5,5,9,8
High,A0A0H3NGB9,4,7,13
High,A0A0H3NA15,3,4,3
High,A0A0H3NC05,6,11,8
High,A0A0H3NHX2,13,5,
High,A0A0H3NAE6,2,4,4
High,A0A0H3NM56,8,8,6
High,A0A0H3NII1,5,9,6
High,A0A0H3NPV3,2,5,5
High,A0A0H3N9G3,7,10,4
High,A0A0H3NHP3,7,4,6
High,A0A0H3NBW0,1,10,5
High,A0A0H3NMB3,3,6,2
High,A0A0H3ND54,18,14,11
High,A0A0H3NLL6,4,6,5
High,A0A0H3NFF3,1,1,9
High,A0A0H3N944,6,5,2
High,A0A0H3N823,10,9,8
High,A0A0H3NIQ2,6,9,4
High,A0A0H3N8Q0,4,8,5
High,A0A0H3NCD0,10,9,3
High,A0A0H3NFV5,7,15,
High,A0A0H3NGN8,2,7,
High,A0A0H3NDP8,1,,5
High,A0A0H3NTB9,3,7,3
High,A0A0H3N8E9,3,6,
High,A0A0H3NAL9,3,8,2
High,A0A0H3NW27,,,5
High,A0A0H3NCP0,3,8,2
High,A0A0H3NH86,1,,6
High,A0A0H3NDU8,11,5,10
High,A0A0H3NJC0,7,14,3
High,A0A0H3NA97,8,12,9
High,A0A0H3NNS4,7,14,1
High,A0A0H3NG12,,,5
High,A0A0H3NJ25,,,10
High,A0A0H3NCQ0,3,,7
High,A0A0H3NEG3,16,5,4
High,A0A0H3NH07,14,13,11
High,A0A0H3NHR7,2,4,5
High,A0A0H3NTN5,7,5,6
High,A0A0H3NHM2,8,12,5
High,A0A0H3NG06,8,1,2
High,A0A0H3N941,1,4,10
High,A0A0H3NFN8,2,4,6
High,A0A0H3NIS7,,,6
High,A0A0H3NH67,2,1,9
High,A0A0H3NUZ6,,,12
High,A0A0H3NCW7,8,5,6
High,A0A0H3NGE3,30,66,26
High,A0A0H3ND61,8,12,6
High,A0A0H3NMM8,4,4,2
High,A0A0H3NKN1,3,5,1
High,A0A0H3N9H4,6,10,1
High,A0A0H3NBV1,12,31,14
High,A0A0H3NKA7,6,5,6
High,A0A0H3N8J2,3,5,
High,A0A0H3NIU2,9,12,2
High,A0A0H3NJB9,10,9,9
High,A0A0H3NMH1,8,9,4
High,A0A0H3NK28,10,9,12
High,A0A0H3NGU2,5,6,7
High,A0A0H3N8Z4,5,6,8
High,A0A0H3NR53,4,4,4
High,A0A0H3NHF4,7,13,12
High,A0A0H3NIT4,3,2,6
High,A0A0H3NH62,3,1,9
High,A0A0H3NDW5,5,9,7
High,A0A0H3NLT6,23,17,25
High,A0A0H3NMF2,3,4,1
High,A0A0H3NDN8,16,12,3
High,A0A0H3NM03,10,7,8
High,A0A0H3NI59,13,13,8
High,A0A0H3NNJ6,4,12,
High,A0A0H3N9Z0,5,13,1
High,A0A0H3NE00,4,11,4
High,A0A0H3NFM5,2,4,6
High,A0A0H3N9L2,7,13,14
High,A0A0H3NF82,5,5,3
High,A0A0H3ND13,12,7,5
High,A0A0H3N976,3,,4
High,A0A0H3NED2,4,10,6
High,A0A0H3NUH7,11,13,7
High,A0A0H3N8H7,7,11,
High,A0A0H3NGK7,4,1,8
High,A0A0H3N8J4,1,4,4
High,A0A0H3NM48,15,9,8
High,A0A0H3NJS0,6,3,8
High,A0A0H3NIA4,2,2,4
High,A0A0H3NS63,6,7,2
High,A0A0H3NQD1,2,3,5
High,A0A0H3NIM6,12,19,4
High,A0A0H3NAA9,4,5,3
High,A0A0H3NNU3,5,8,3
High,A0A0H3NAE7,6,9,5
High,A0A0H3N8P5,1,7,5
High,A0A0H3NH65,9,11,12
High,A0A0H3NW50,6,5,7
High,A0A0H3NHZ4,4,6,4
High,A0A0H3NTG6,11,10,14
High,A0A0H3NG24,1,3,10
High,A0A0H3N9Y3,3,8,1
High,A0A0H3NB42,5,2,3
High,A0A0H3NPB1,13,6,9
High,A0A0H3NTX8,10,8,11
High,A0A0H3NKG4,7,8,
High,A0A0H3NDE1,5,3,9
High,A0A0H3NJP0,11,9,11
High,A0A0H3NSG3,4,5,10
High,A0A0H3NG47,8,5,7
High,A0A0H3NGL9,8,10,10
High,A0A0H3NU64,6,6,2
High,A0A0H3NFK1,9,8,13
High,A0A0H3NPU3,4,3,10
High,A0A0H3NBP9,3,8,
High,A0A0H3NGC7,7,,5
High,A0A0H3NBM3,4,7,8
High,A0A0H3NBG7,4,6,4
High,A0A0H3NI36,9,4,2
High,A0A0H3NC42,6,11,3
High,A0A0H3NGR6,1,3,7
High,A0A0H3NMJ3,1,3,5
High,A0A0H3NH50,4,7,3
High,A0A0H3N9T5,4,7,
High,A0A0H3NJ94,4,6,5
High,A0A0H3N7F7,9,10,3
High,A0A0H3NFP7,4,1,1
High,A0A0H3NFL9,5,12,4
High,A0A0H3NKH0,4,10,2
High,A0A0H3NM75,6,3,2
High,A0A0H3NNK0,,,8
High,A0A0H3NLM6,2,5,7
High,A0A0H3NB55,,,6
High,A0A0H3N8Y2,12,8,14
High,A0A0H3NJI7,6,6,8
High,A0A0H3NM97,5,4,
High,A0A0H3NDL0,9,5,8
High,A0A0H3NBL1,5,14,9
High,A0A0H3NEV7,5,5,
High,A0A0H3NYK7,5,8,4
High,A0A0H3NJR5,4,8,4
High,A0A0H3NKB8,4,8,5
High,A0A0H3NPG7,4,8,2
High,A0A0H3NCV0,9,5,7
High,A0A0H3ND21,5,4,2
High,A0A0H3N7N0,2,3,3
High,A0A0H3NGZ0,10,6,7
High,A0A0H3NC99,5,3,3
High,A0A0H3NK44,3,,3
High,A0A0H3NG34,2,1,2
High,A0A0H3NFQ4,1,1,5
High,A0A0H3NTP1,4,4,10
High,A0A0H3NIJ9,6,3,9
High,A0A0H3NJC1,1,4,4
High,A0A0H3NF53,3,6,
High,A0A0H3NHH5,4,8,8
High,A0A0H3NC62,,,3
High,A0A0H3NEC0,3,10,4
High,A0A0H3NED6,7,12,5
High,A0A0H3NJ85,1,2,3
High,A0A0H3NK21,6,6,1
High,A0A0H3NX50,6,5,
High,A0A0H3NSN9,12,4,8
High,A0A0H3NA20,2,2,8
High,A0A0H3NJT1,9,1,3
High,A0A0H3N9H6,4,5,
High,A0A0H3NTT7,,3,9
High,E1W9M1,3,4,3
High,A0A0H3NEL8,5,6,2
High,A0A0H3NEC1,4,3,1
High,A0A0H3NKT8,8,11,7
High,A0A0H3ND73,6,15,6
High,A0A0H3NDM1,4,4,
High,A0A0H3NR64,1,4,6
High,A0A0H3NA91,6,4,4
High,A0A0H3NDC1,2,9,
High,A0A0H3NBA0,3,11,4
High,A0A0H3NH23,2,5,2
High,A0A0H3ND36,,,8
High,A0A0H3NU51,6,11,7
High,A0A0H3NGZ3,4,5,1
High,A0A0H3NQ20,5,1,5
High,A0A0H3NV05,6,10,2
High,A0A0H3NAJ6,3,,6
High,A0A0H3NJ92,8,2,6
High,A0A0H3NSL3,1,3,7
High,A0A0H3N8K3,,,6
High,A0A0H3NHM6,,3,7
High,A0A0H3NVH4,5,7,2
High,A0A0H3NW39,,1,9
High,A0A0H3NLG2,4,7,5
High,A0A0H3NFF6,,,6
High,A0A0H3NUG0,8,9,3
High,A0A0H3NAY9,6,2,4
High,A0A0H3NH71,7,8,2
High,A0A0H3NFF7,5,4,4
High,A0A0H3NFP9,4,5,3
High,A0A0H3NFW4,,1,6
High,A0A0H3NCM6,2,2,5
High,A0A0H3NJ54,9,6,6
High,A0A0H3N8G5,4,12,3
High,A0A0H3NAH1,11,10,1
High,A0A0H3NBG9,6,5,10
High,A0A0H3NPP2,1,5,6
High,A0A0H3NE48,4,4,2
High,A0A0H3NGD7,1,5,4
High,A0A0H3NP83,12,11,7
High,A0A0H3NCR4,7,9,4
High,A0A0H3NL09,6,10,9
High,A0A0H3NVS5,9,16,8
High,A0A0H3NJE4,6,5,3
High,A0A0H3NE65,3,2,3
High,A0A0H3NJZ0,4,6,
High,A0A0H3NHU3,7,8,9
High,A0A0H3NBL4,4,5,1
High,A0A0H3NQK6,7,3,1
High,A0A0H3NHV2,57,76,18
High,A0A0H3NH36,2,1,5
High,A0A0H3NHG1,4,11,7
High,A0A0H3NBX3,2,1,5
High,A0A0H3NCF6,2,4,5
High,A0A0H3NS22,8,10,26
High,A0A0H3NNR6,6,6,4
High,A0A0H3NP09,2,2,6
High,A0A0H3NFV9,3,7,4
High,A0A0H3NBL5,7,5,6
High,A0A0H3NH60,4,4,3
High,A0A0H3N8Q4,1,2,6
High,A0A0H3P017,5,8,5
High,A0A0H3NIP2,6,8,6
High,A0A0H3NMF8,8,15,8
High,A0A0H3NCY4,4,2,2
High,A0A0H3NFT4,4,7,7
High,A0A0H3NAE0,1,5,5
High,A0A0H3NLI3,,,10
High,A0A0H3NKN6,6,7,4
High,A0A0H3NA19,5,5,7
High,A0A0H3NIC8,4,7,3
High,A0A0H3NI32,4,7,3
High,A0A0H3P093,19,12,17
High,A0A0H3NI00,3,9,1
High,A0A0H3NHL2,2,1,4
High,A0A0H3NI05,3,8,
High,A0A0H3NJX4,8,4,8
High,A0A0H3NTX2,8,5,4
High,A0A0H3NG51,3,4,1
High,A0A0H3NKT3,3,5,
High,A0A0H3NM39,4,5,12
High,A0A0H3NG29,8,11,
High,A0A0H3NB13,7,7,12
High,A0A0H3N9L5,2,3,3
High,A0A0H3NKA5,,6,
High,A0A0H3NH91,,5,3
High,E1WF94,12,6,9
High,A0A0H3NCJ3,4,6,4
High,A0A0H3NKB2,1,7,2
High,A0A0H3NCE1,6,4,10
High,A0A0H3NU32,1,,5
High,A0A0H3NG49,8,4,2
High,A0A0H3NIB9,5,5,5
High,A0A0H3NYN8,2,4,4
High,A0A0H3N9E6,5,13,6
High,A0A0H3NEJ8,5,4,3
High,A0A0H3NGM2,14,12,9
High,A0A0H3NLW1,4,7,2
High,A0A0H3NGH0,6,5,2
High,A0A0H3NH06,1,5,3
High,A0A0H3N8M8,7,13,10
High,A0A0H3P184,2,10,
High,A0A0H3NEZ7,3,7,
High,A0A0H3NIK5,4,4,4
High,A0A0H3NJ93,1,4,4
High,A0A0H3NS01,2,6,
High,A0A0H3NI53,3,7,1
High,A0A0H3NMQ4,2,4,2
High,A0A0H3NF07,7,10,10
High,A0A0H3NKP7,5,5,1
High,A0A0H3NMX4,2,5,4
High,A0A0H3NJB6,1,2,5
High,A0A0H3NGX6,6,2,4
High,A0A0H3NTA9,6,4,6
High,A0A0H3NHG9,6,7,4
High,A0A0H3NIP7,,,3
High,A0A0H3NUJ9,6,8,6
High,A0A0H3NPH2,2,5,4
High,A0A0H3NG41,4,,
High,A0A0H3N9W7,5,3,3
High,A0A0H3N966,4,4,5
High,A0A0H3NVT1,11,3,7
High,A0A0H3NXF9,2,3,3
High,A0A0H3NI71,4,7,11
High,A0A0H3P194,3,6,4
High,A0A0H3NTD5,5,3,3
High,A0A0H3NGX9,5,9,
High,A0A0H3NG65,4,6,2
High,A0A0H3NTZ7,5,4,4
High,A0A0H3NH47,3,1,6
High,A0A0H3NEY9,2,7,
High,A0A0H3NPD4,5,4,3
High,A0A0H3NN56,5,7,
High,A0A0H3NJ16,4,14,2
High,A0A0H3NDB6,4,4,5
High,A0A0H3NGY8,3,5,5
High,A0A0H3NSQ7,2,6,6
High,A0A0H3NIH9,10,6,8
High,A0A0H3NHT4,2,2,3
High,A0A0H3NDF5,3,4,5
High,A0A0H3NI02,3,2,3
High,A0A0H3NFZ8,3,3,4
High,A0A0H3NWI3,4,4,3
High,A0A0H3NGR0,6,12,8
High,A0A0H3NIJ6,1,1,2
High,A0A0H3NWJ7,2,9,
High,A0A0H3NE80,,,4
High,A0A0H3NAZ9,3,2,4
High,A0A0H3NM37,2,3,5
High,A0A0H3NWV1,11,15,6
High,A0A0H3NSE0,2,1,6
High,A0A0H3NH12,3,3,
High,A0A0H3NDX4,2,5,5
High,A0A0H3NIN6,3,,4
High,A0A0H3N9J9,2,5,
High,A0A0H3NHW5,10,9,7
High,A0A0H3NCP3,4,1,1
High,A0A0H3NT72,3,,3
High,A0A0H3NKA8,,1,4
High,A0A0H3N919,6,6,7
High,A0A0H3NI27,2,6,1
High,A0A0H3NKZ3,4,8,3
High,A0A0H3N7I3,5,2,4
High,A0A0H3NJ77,6,,2
High,A0A0H3N855,7,6,2
High,A0A0H3NFV3,7,5,3
High,A0A0H3NHP2,5,10,1
High,A0A0H3ND77,2,4,4
High,A0A0H3NNQ5,2,4,2
High,A0A0H3NBF9,4,4,9
High,A0A0H3N984,1,11,
High,A0A0H3NGJ3,,1,5
High,A0A0H3NHK8,1,1,4
High,A0A0H3NHK6,4,7,1
High,A0A0H3NL99,4,2,
High,A0A0H3NSE5,5,2,2
High,A0A0H3NDW1,5,1,3
High,A0A0H3NDR7,4,4,3
High,A0A0H3N9E2,2,4,9
High,A0A0H3ND42,14,8,10
High,A0A0H3NE62,3,12,1
High,A0A0H3NJ91,2,4,1
High,A0A0H3ND60,1,3,3
High,A0A0H3NJ56,3,9,
High,A0A0H3NFB7,2,5,1
High,A0A0H3NGH6,11,7,4
High,A0A0H3NH44,,2,5
High,A0A0H3NDZ0,6,1,7
High,A0A0H3NTS6,,2,4
High,A0A0H3NL62,3,10,4
High,A0A0H3NMS3,2,6,4
High,A0A0H3NVR8,4,5,4
High,A0A0H3NJD3,6,1,2
High,A0A0H3NPQ1,,,7
High,A0A0H3NJD0,,1,5
High,A0A0H3NJ84,7,3,1
High,A0A0H3NQQ0,3,7,2
High,A0A0H3NBW5,1,4,
High,A0A0H3NPF4,5,,1
High,A0A0H3NA79,1,9,
High,A0A0H3NT63,1,6,2
High,A0A0H3NPX5,1,4,
High,A0A0H3NXD1,1,3,1
High,A0A0H3NDU7,6,5,3
High,A0A0H3NGT8,,,6
High,A0A0H3NCY2,1,2,3
High,A0A0H3NKY8,2,4,2
High,A0A0H3NBN4,5,7,3
High,A0A0H3NGT5,,4,2
High,A0A0H3NEH6,1,,2
High,A0A0H3NKR5,2,1,2
High,A0A0H3NCS8,9,9,10
High,A0A0H3NI23,2,6,1
High,A0A0H3NXG6,4,11,1
High,A0A0H3P1B9,5,1,7
High,A0A0H3NH17,2,8,3
High,A0A0H3NHE2,5,4,5
High,A0A0H3NNF8,1,6,1
High,A0A0H3NJ30,1,4,4
High,A0A0H3NQ29,4,6,4
High,A0A0H3P1B7,1,3,1
High,A0A0H3N797,6,5,6
High,A0A0H3NI67,5,4,
High,A0A0H3NAG6,3,4,5
High,A0A0H3NIE7,2,2,3
High,A0A0H3NKE5,5,2,6
High,A0A0H3NAN0,2,4,5
High,A0A0H3NVN5,6,3,5
High,A0A0H3N8L5,3,2,1
High,A0A0H3NC89,4,4,
High,A0A0H3NC37,1,5,
High,A0A0H3NFK0,3,7,4
High,A0A0H3NMG3,2,4,
High,A0A0H3NNQ0,4,2,4
High,A0A0H3NAK9,,4,2
High,A0A0H3NA50,6,3,4
High,A0A0H3NBT6,9,8,8
High,A0A0H3NJ46,2,2,3
High,A0A0H3NJC3,4,7,
High,A0A0H3NH56,7,1,5
High,A0A0H3N7H1,1,4,2
High,A0A0H3NNC4,7,,3
High,A0A0H3N945,8,6,13
High,A0A0H3NEG4,1,4,
High,A0A0H3NHJ5,3,3,
High,A0A0H3NIU1,3,2,7
High,A0A0H3NWA4,3,5,4
High,A0A0H3NEL0,4,6,6
High,A0A0H3NL56,7,6,6
High,A0A0H3NP71,8,3,5
High,A0A0H3NJP5,8,5,5
High,A0A0H3NA87,,5,
High,A0A0H3N8C8,,,5
High,A0A0H3NM07,12,8,6
High,A0A0H3NMH8,,3,2
High,A0A0H3NLW8,2,3,
High,A0A0H3NFW5,10,2,3
High,A0A0H3NK08,9,8,10
High,A0A0H3NG63,4,,3
High,A0A0H3NC57,4,6,4
High,A0A0H3NDR2,,,6
High,A0A0H3NA42,3,11,4
High,A0A0H3NF50,8,6,3
High,A0A0H3NDC5,5,3,3
High,A0A0H3N9W3,7,4,5
High,A0A0H3NEC3,3,1,
High,A0A0H3NDS6,6,2,4
High,A0A0H3NFH6,3,6,2
High,A0A0H3NHM0,2,5,
High,A0A0H3NBV5,5,3,
High,A0A0H3NAC5,8,6,4
High,A0A0H3N8E4,1,4,
High,A0A0H3NTH1,2,,5
High,A0A0H3NHY4,5,3,5
High,A0A0H3NNB4,3,4,
High,A0A0H3NFV2,,,3
High,A0A0H3NBT4,1,4,4
High,A0A0H3NU26,,,3
High,A0A0H3NNH9,3,9,
High,A0A0H3NDE0,6,3,4
High,A0A0H3NV23,2,1,3
High,A0A0H3NPW0,4,5,
High,A0A0H3NYG4,,,3
High,A0A0H3NDJ0,9,4,7
High,A0A0H3NFE2,,6,2
High,A0A0H3P065,1,2,3
High,A0A0H3N7Z9,,1,4
High,A0A0H3NC84,,4,4
High,A0A0H3NEQ7,5,3,4
High,A0A0H3ND24,,,4
High,A0A0H3NSW2,1,6,2
High,A0A0H3NAL6,1,3,
High,A0A0H3NS05,2,3,4
High,A0A0H3NJ79,5,7,3
High,A0A0H3NNE5,2,,1
High,A0A0H3NGA4,,,2
High,A0A0H3NT19,4,7,2
High,A0A0H3N9M2,4,5,1
High,A0A0H3NCF3,,,4
High,A0A0H3NN26,2,5,2
High,A0A0H3ND28,3,10,5
High,A0A0H3N9M6,,5,
High,A0A0H3NMH7,1,4,
High,A0A0H3NYH0,2,7,
High,A0A0H3NEL2,3,4,1
High,A0A0H3NFZ3,2,1,2
High,A0A0H3NQJ0,6,8,
High,A0A0H3NHU5,10,7,7
High,A0A0H3NDP5,10,9,9
High,A0A0H3NNH5,2,6,1
High,A0A0H3NB46,3,4,3
High,A0A0H3NPQ9,3,6,
High,A0A0H3P069,6,1,2
High,A0A0H3NMV3,,1,4
High,A0A0H3NBK6,4,8,
High,A0A0H3NK79,14,12,14
High,A0A0H3NGT4,1,2,4
High,A0A0H3N873,,,3
High,A0A0H3NAZ7,2,4,4
High,A0A0H3N7Z1,7,4,3
High,A0A0H3NMR1,2,,3
High,A0A0H3NG26,2,5,5
High,A0A0H3NAE4,3,4,1
High,A0A0H3NCQ5,5,2,1
High,A0A0H3NI28,5,2,3
High,A0A0H3NK91,5,3,9
High,A0A0H3NAY4,1,3,5
High,A0A0H3NRA3,5,5,5
High,A0A0H3NFY7,1,4,4
High,A0A0H3NGL5,,1,2
High,A0A0H3NC92,6,2,4
High,A0A0H3NF97,3,5,
High,A0A0H3NFS3,1,3,2
High,A0A0H3NJ99,5,4,5
High,A0A0H3NFU7,1,3,2
High,A0A0H3NXX9,,4,3
High,E1WAC4,4,8,1
High,A0A0H3N9I0,1,6,4
High,A0A0H3NHB3,,,2
High,A0A0H3N8D7,1,1,
High,A0A0H3NJV2,2,3,4
High,A0A0H3NDF8,4,7,4
High,A0A0H3NFX2,3,7,
High,A0A0H3NEG6,,,3
High,A0A0H3P1A3,4,3,6
High,A0A0H3NEG8,3,4,
High,A0A0H3P022,6,5,1
High,A0A0H3N7K2,6,5,3
High,A0A0H3NCV5,5,5,2
High,A0A0H3ND91,4,8,
High,A0A0H3P090,1,3,
High,A0A0H3NHQ6,5,1,4
High,A0A0H3NP44,10,7,7
High,A0A0H3ND27,1,4,
High,A0A0H3NLS1,2,2,1
High,A0A0H3NEJ4,8,,2
High,A0A0H3NDE6,2,,3
High,A0A0H3NK84,3,2,1
High,A0A0H3NAX1,1,6,1
High,A0A0H3NEF2,8,4,3
High,A0A0H3NQ55,1,3,2
High,A0A0H3NPP8,4,2,3
High,A0A0G2PMS4,2,1,3
High,A0A0H3NJ49,23,15,15
High,A0A0H3NI22,3,8,3
High,A0A0H3NFA6,2,6,4
High,A0A0H3NBJ0,1,4,2
High,A0A0H3NIS5,9,6,5
High,A0A0H3NIL1,1,,4
High,A0A0H3P029,3,6,
High,A0A0H3NNV5,1,6,
High,A0A0H3NN51,9,4,1
High,A0A0H3NR07,2,3,4
High,A0A0H3ND83,,2,2
High,A0A0H3NFS6,2,8,2
High,A0A0H3NH72,3,1,3
High,A0A0H3NK38,2,1,3
High,A0A0H3NKS2,,,2
High,A0A0H3NH58,3,6,2
High,A0A0H3NKV8,3,3,1
High,A0A0H3NHS2,6,3,4
High,A0A0H3NF79,1,3,4
High,A0A0H3NN17,4,2,3
High,A0A0H3N8A8,6,7,2
High,A0A0H3NDA0,4,3,3
High,A0A0H3NGZ6,2,1,
High,A0A0H3NJE3,5,1,4
High,A0A0H3NJ23,,4,4
High,A0A0H3NKV5,,2,2
High,A0A0H3NGG3,2,1,5
High,A0A0H3NLV4,1,2,4
High,A0A0H3NJJ3,5,5,3
High,A0A0H3NYD1,2,3,
High,A0A0H3NDF4,4,1,1
High,A0A0H3ND41,7,8,7
High,A0A0H3NI08,9,6,8
High,A0A0H3NEB7,5,2,1
High,A0A0H3NS09,1,5,3
High,A0A0H3NER3,9,10,8
High,A0A0H3NDG8,1,4,4
High,A0A0H3N8U5,2,3,2
High,A0A0H3NJ97,2,5,1
High,A0A0H3NHF5,6,6,6
High,A0A0H3N9G1,2,4,1
High,A0A0H3NJV6,2,3,
High,A0A0H3NIT3,3,2,5
High,A0A0H3N8W2,1,6,
High,A0A0H3NHI5,1,1,4
High,A0A0H3NJ53,5,2,
High,A0A0H3NEU4,4,5,3
High,A0A0H3NII4,4,4,10
High,A0A0H3N7C5,,,5
High,A0A0H3NNS5,5,3,1
High,A0A0H3NAF6,2,1,1
High,A0A0H3NF37,2,2,1
High,A0A0H3NFP3,4,3,3
High,A0A0H3NDX9,4,2,1
High,A0A0H3NAT5,1,2,2
High,A0A0H3NR78,8,6,
High,A0A0H3NDT6,,,3
High,A0A0H3ND97,3,6,5
High,A0A0H3NTT2,2,6,2
High,A0A0H3N9B6,2,7,3
High,A0A0H3NDT0,3,,4
High,A0A0H3NAC4,3,7,
High,A0A0H3NV98,4,3,
High,A0A0H3NEC6,,,1
High,A0A0H3NA83,1,3,
High,A0A0H3NL14,1,,1
High,A0A0H3NGD6,,,6
High,A0A0H3NWB3,8,6,6
High,A0A0H3NE91,,,3
High,A0A0H3NIY6,,,4
High,A0A0H3NXS7,1,,3
High,A0A0H3NFA8,3,5,2
High,A0A0H3P037,5,4,3
High,A0A0H3NS73,2,1,
High,A0A0H3N8W0,,4,
High,A0A0H3NK50,1,3,7
High,A0A0H3NL13,1,3,1
High,A0A0H3NE41,3,10,5
High,A0A0H3NAP4,2,1,5
High,A0A0H3NPB5,1,,6
High,A0A0H3NS49,1,,
High,A0A0H3NYA4,3,,2
High,A0A0H3NIY1,1,4,
High,A0A0H3NA35,2,4,3
High,A0A0H3NCF9,2,1,4
High,A0A0H3NGY5,1,,3
High,A0A0H3NPR5,1,5,
High,A0A0H3NCJ1,4,3,2
High,A0A0H3N860,,1,4
High,A0A0H3NI20,,1,6
High,A0A0H3N9N0,5,3,3
High,A0A0H3NG38,,,3
High,A0A0H3NI50,4,3,
High,A0A0H3NHR6,3,,4
High,A0A0H3NPE7,2,1,
High,A0A0H3NVQ7,2,4,
High,A0A0H3NX99,5,,1
High,A0A0H3NJ43,2,2,5
High,A0A0H3NDW3,8,2,
High,A0A0H3NN23,6,,1
High,A0A0H3NA59,10,8,6
High,A0A0H3NDX7,5,3,5
High,A0A0H3NI70,,,2
High,A0A0H3NCV4,6,5,2
High,A0A0H3NFK8,3,6,2
High,A0A0H3NYI9,,1,
High,A0A0H3NBX1,,1,3
High,A0A0H3NIY7,2,3,
High,A0A0H3NKJ0,4,6,1
High,A0A0H3NJG0,1,4,1
High,A0A0H3NET1,3,1,
High,A0A0H3NDJ7,3,2,
High,A0A0H3NB24,1,4,
High,A0A0H3NUD9,2,,1
High,A0A0H3NMB0,3,5,1
High,A0A0H3NBU6,,6,1
High,A0A0H3NBM6,3,3,3
High,A0A0H3NC74,2,1,1
High,A0A0H3NKD4,3,3,2
High,A0A0H3N7X0,3,,3
High,A0A0H3NGS9,1,4,2
High,A0A0H3NMH0,1,3,1
High,A0A0H3NI92,1,5,1
High,A0A0H3NI86,,1,3
High,A0A0H3NN48,1,2,2
High,A0A0H3NHH7,,,2
High,A0A0H3NKQ1,4,3,
High,A0A0H3ND80,2,1,4
High,A0A0H3ND78,2,5,
High,A0A0H3NHH2,,,3
High,A0A0H3NFQ7,3,,1
High,A0A0H3NCA3,1,2,1
High,A0A0H3NB17,2,2,3
High,A0A0H3N8L0,2,8,
High,A0A0H3NCH2,4,3,4
High,A0A0H3NNM0,3,,1
High,A0A0H3NMC0,1,1,7
High,A0A0H3N8G7,,8,2
High,A0A0H3NDV3,,3,2
High,A0A0H3NAR1,6,9,
High,A0A0H3P0A2,,1,4
High,A0A0H3NHP6,3,3,2
High,A0A0H3NLX6,3,6,
High,A0A0H3NHD6,1,4,
High,A0A0H3NAX9,,4,1
High,A0A0H3NJG6,3,6,1
High,A0A0H3NGT6,1,3,2
High,A0A0H3NMR9,4,3,2
High,A0A0H3NGQ0,1,4,1
High,A0A0H3NIF0,5,3,2
High,A0A0H3NIT0,2,1,2
High,A0A0H3NGI5,1,1,3
High,A0A0H3NCK5,3,2,
High,A0A0H3NWD8,3,1,2
High,A0A0H3NRT3,1,5,
High,A0A0H3NU03,8,9,8
High,A0A0H3NIE5,2,6,5
High,A0A0H3NG58,,1,2
High,A0A0H3NC00,1,,2
High,A0A0H3NTQ8,5,4,4
High,A0A0H3NG74,3,4,
High,A0A0H3NMV7,,,1
High,A0A0H3NEE1,1,5,
High,A0A0H3NF42,4,3,8
High,A0A0H3NHS4,2,4,5
High,A0A0H3NGC6,1,5,
High,A0A0H3NT25,2,3,1
High,A0A0H3NAB0,2,2,
High,A0A0H3NWX5,,3,
High,A0A0H3NM60,4,3,3
High,A0A0H3NFX8,2,2,1
High,A0A0H3NN57,3,3,1
High,A0A0H3NGX7,,1,3
High,A0A0H3NVX2,2,5,3
High,A0A0H3NN02,2,6,3
High,A0A0H3NXH5,3,3,
High,A0A0H3NXU0,,,1
High,A0A0H3NJZ7,,,1
High,A0A0H3N9A5,1,1,
High,A0A0H3NMY5,1,3,
High,A0A0H3NCE0,2,3,
High,A0A0H3NAV6,3,1,4
High,A0A0H3NBD9,1,4,
High,A0A0H3NUA0,,2,1
High,A0A0H3NG67,1,,3
High,A0A0H3NFG9,3,3,
High,A0A0H3NI24,4,5,4
High,A0A0H3NQP0,,,4
High,A0A0H3N9K8,1,2,5
High,A0A0H3NKV7,1,1,2
High,A0A0H3N8N5,2,2,1
High,A0A0H3N9A1,1,1,3
High,A0A0H3NFB8,1,1,6
High,A0A0H3NLA7,3,2,
High,A0A0H3NM51,,1,2
High,A0A0H3NAV0,2,2,1
High,A0A0H3NEX3,,,4
High,P0DUJ8,,,2
High,A0A0H3NHX8,2,3,
High,A0A0H3NI78,3,3,5
High,A0A0H3NDG2,2,,
High,A0A0H3NF45,,3,
High,A0A0H3NGJ8,,,2
High,A0A0H3NFS4,3,,1
High,A0A0H3NLU7,3,2,
High,A0A0H3N7I8,,1,2
High,A0A0H3NCE4,2,3,
High,A0A0H3NFP4,,,4
High,A0A0H3NYF5,2,3,
High,A0A0H3ND71,2,,2
High,A0A0H3NB96,2,2,
High,A0A0H3NH97,,1,2
High,A0A0H3NE31,5,2,5
High,A0A0H3NWR9,1,2,1
High,A0A0H3NJM1,5,1,2
High,A0A0H3NFH9,1,1,3
High,A0A0H3NCB0,5,4,1
High,A0A0H3NKV4,,,3
High,A0A0H3NF60,1,,4
High,A0A0H3NVF8,,2,2
High,A0A0H3NG72,3,2,4
High,A0A0H3NFA3,4,5,1
High,A0A0H3NHN8,2,3,
High,A0A0H3NJY6,,4,5
High,A0A0H3NL95,4,2,2
High,A0A0H3NUJ1,1,2,
High,E1WAC5,2,7,1
High,A0A0H3NI58,3,1,2
High,A0A0H3N9A8,,4,1
High,A0A0H3P039,1,,2
High,A0A0H3NA05,,,2
High,A0A0H3NCV8,3,2,3
High,A0A0H3NHI6,5,2,4
High,A0A0H3NIH8,,,1
High,A0A0H3NH41,1,1,2
High,A0A0H3N9Q6,,3,
High,A0A0H3NPZ3,,2,
High,A0A0H3NJ00,5,2,1
High,A0A0H3NPG4,,,1
High,A0A0H3NPL9,6,6,3
High,A0A0H3NDW7,1,4,
High,A0A0H3N9J1,4,,1
High,A0A0H3NDI9,1,4,2
High,A0A0H3NE17,,,1
High,A0A0H3NET4,3,1,
High,A0A0H3NKX8,2,,
High,A0A0H3NH76,,,2
High,A0A0H3P1A9,3,,1
High,A0A0H3NAL2,2,2,
High,A0A0H3NJ20,,1,1
High,A0A0H3NEQ2,,2,1
High,A0A0H3NAZ3,1,1,2
High,A0A0H3NAT0,2,1,1
High,A0A0H3NGD0,3,4,7
High,A0A0H3N9B5,,,2
High,A0A0H3NCG6,4,3,4
High,A0A0H3N8D2,1,1,
High,A0A0H3NIU9,2,3,2
High,A0A0H3NB22,1,2,6
High,A0A0H3NCL8,2,2,1
High,A0A0H3NEM3,1,1,
High,A0A0H3NN80,3,2,3
High,A0A0H3NM11,1,1,5
High,A0A0H3N8T8,3,4,5
High,A0A0H3NN45,4,,1
High,A0A0H3NPS2,,,1
High,A0A0H3NK61,,4,1
High,A0A0H3NE56,2,,1
High,A0A0H3N964,1,4,
High,A0A0H3NLC9,4,,3
High,A0A0H3NPC9,,4,2
High,A0A0H3NEK5,1,,4
High,A0A0H3NGP5,3,4,
High,A0A0H3NPE0,3,,
High,A0A0H3ND57,3,2,3
High,A0A0H3NI48,2,2,1
High,A0A0H3NI73,3,2,2
High,A0A0H3NM67,4,3,3
High,A0A0H3NHW1,,2,
High,A0A0H3NHQ0,2,1,1
High,A0A0H3NDA4,1,2,
High,A0A0H3NHK1,3,1,
High,A0A0H3NH30,,,1
High,A0A0H3NWQ2,1,2,
High,A0A0H3NJC8,6,5,6
High,A0A0H3NNS8,1,,2
High,A0A0H3NJH0,,1,1
High,A0A0H3NL08,1,5,
High,A0A0H3NIA2,,1,1
High,E1W9W8,4,3,3
High,A0A0H3P1B3,,4,
High,A0A0H3NLY0,,,1
High,A0A0H3NW10,2,3,
High,A0A0H3N846,,,1
High,A0A0H3NHZ2,1,2,2
High,A0A0H3NYX3,,,1
High,A0A0H3NKF4,,1,
High,A0A0H3NP66,,2,
High,A0A0H3NT84,,,1
High,A0A0H3NCL0,2,,1
High,A0A0H3NKY7,2,1,1
High,A0A0H3NHY7,2,1,3
High,A0A0H3N8T3,2,2,
High,A0A0H3NIR8,4,2,1
High,A0A0H3NJE0,1,,2
High,A0A0H3NH32,1,,2
High,A0A0H3NM88,,,1
High,A0A0H3NL92,1,4,
High,A0A0H3NJE5,1,3,
High,A0A0H3NKJ8,1,3,1
High,A0A0H3NJU0,,2,
High,A0A0H3NK90,,2,
High,A0A0H3NMD2,1,1,
High,A0A0H3NH90,1,1,1
High,A0A0H3NGR1,2,2,2
High,A0A0H3N809,2,1,1
High,A0A0H3NDR8,2,,
High,A0A0H3NEX9,2,1,
High,A0A0H3NK02,1,2,1
High,A0A0H3NP55,,2,
High,A0A0H3NLD4,1,1,
High,A0A0H3P193,,,1
High,A0A0H3NX98,2,,3
High,A0A0H3NJM0,1,,2
High,A0A0H3NIV3,2,,
High,A0A0H3NIJ1,5,,2
High,A0A0H3NG89,3,4,
High,A0A0H3NLX7,,,1
High,A0A0H3NE07,,1,1
High,A0A0H3NH10,,,1
High,A0A0H3NKG1,2,1,1
High,A0A0H3NB66,1,3,1
High,A0A0H3NNM1,1,3,
High,A0A0H3NCA0,4,3,1
High,A0A0H3NL16,3,,
High,A0A0H3NFS2,,2,1
High,A0A0H3NI90,3,8,2
High,A0A0H3NKY3,2,2,1
High,A0A0H3NJR9,,2,
High,A0A0H3NRR1,3,1,
High,A0A0H3NJG4,8,7,6
High,A0A0H3N888,1,1,
High,A0A0H3NJ51,,,1
High,A0A0H3N829,1,2,1
High,A0A0H3N8A2,,3,3
High,A0A0H3N955,4,3,
High,A0A0H3NBK3,1,2,3
High,A0A0H3NJ72,,,1
High,A0A0H3NEB3,1,2,
High,A0A0H3NCM4,2,3,
High,A0A0H3NLJ2,2,3,2
High,A0A0H3NEQ5,,,1
High,A0A0H3NS97,3,3,
High,A0A0H3NGV2,,3,1
High,A0A0H3N9B9,,2,
High,A0A0H3NG07,6,3,3
High,A0A0H3NDM6,,,1
High,A0A0H3P191,,3,
High,A0A0H3NFS9,,,2
High,A0A0H3NGM0,,,2
High,A0A0H3NJ75,,,1
High,A0A0H3NSN2,2,2,
High,A0A0H3NEI7,,1,
High,A0A0H3NJS6,,1,1
High,A0A0H3NHV0,,2,
High,A0A0H3NDN6,,,1
High,A0A0H3NH14,,2,2
High,A0A0H3NVP0,1,,1
High,A0A0H3NAV8,1,,1
High,A0A0H3NCK1,,2,
High,A0A0H3NN52,6,4,3
High,A0A0H3NEP8,,2,
High,A0A0H3NP68,2,2,1
High,A0A0H3NMC9,,1,
High,A0A0H3NFW2,1,,1
High,A0A0H3NG71,7,3,2
High,A0A0H3NL04,,,3
High,A0A0H3NFJ9,,,1
High,A0A0H3N7U0,,2,3
High,A0A0H3NNC6,3,4,
High,A0A0H3NQD7,1,2,1
High,A0A0H3P189,,,3
High,A0A0H3NQE2,3,2,
High,A0A0H3NGI4,1,1,2
High,A0A0H3NVV5,1,2,
High,A0A0H3NIP4,3,3,2
High,A0A0H3NKF1,2,1,
High,A0A0H3NLE8,1,1,
High,A0A0H3N9V5,1,,
High,A0A0H3NTM4,,1,1
High,A0A0H3NRT9,,1,
High,A0A0H3NLU2,,2,1
High,A0A0H3NJU8,1,1,
High,A0A0H3NVQ0,,,1
High,A0A0H3NFG2,2,1,
High,A0A0H3NDF1,3,5,1
High,A0A0H3NDV1,3,3,1
High,A0A0H3NG96,,,1
High,A0A0H3NWL5,,2,
High,A0A0H3NH49,2,1,
High,A0A0H3NNH3,1,,1
High,A0A0H3NNP3,1,,
High,A0A0H3N8V3,,,1
High,A0A0H3NKC5,1,,
High,A0A0H3NF90,,,1
High,A0A0H3NDU1,,2,
High,A0A0H3NB77,2,1,
High,A0A0H3NJD5,2,1,2
High,A0A0H3NH52,3,3,3
High,A0A0H3P001,1,1,3
High,A0A0H3NJB5,1,3,
High,A0A0H3NI13,1,2,3
High,A0A0H3NFM3,,1,1
High,A0A0H3NKV3,,1,
High,A0A0H3NBX0,,,2
High,A0A0H3NBH3,2,1,1
High,A0A0H3NI09,1,3,
High,A0A0H3NHS0,,,1
High,A0A0H3NP38,1,4,
High,A0A0H3NWK3,,1,
High,A0A0H3NEA8,1,1,
High,A0A0H3NRG0,,,2
High,A0A0H3NN24,,,1
High,A0A0H3NL46,1,1,
High,A0A0H3NEW7,1,,1
High,A0A0H3NLH8,,3,1
High,A0A0H3NDI6,3,2,2
High,A0A0H3NK35,,2,
High,A0A0H3NB59,1,1,3
High,A0A0H3NA33,2,2,1
High,A0A0H3NG27,1,,1
High,A0A0H3NA66,,1,2
High,A0A0H3NE59,1,1,1
High,A0A0H3NI65,2,3,1
High,A0A0H3NDG1,,1,
High,A0A0H3NHR9,1,,
High,A0A0H3NGQ7,2,,2
High,A0A0H3NHI4,,,1
High,A0A0H3NQR1,1,1,1
High,A0A0H3NT94,,,1
High,A0A0H3P034,,,1
High,A0A0H3NE70,3,1,1
High,A0A0H3NNU1,,,1
High,A0A0H3NDB9,1,1,1
High,A0A0H3NFA7,,5,
High,A0A0H3NEH8,,,1
High,A0A0H3NJT2,2,3,2
High,A0A0H3ND63,1,1,
High,A0A0H3NCI2,,,1
High,A0A0H3NBY7,1,1,
High,A0A0H3P180,2,2,3
High,A0A0H3NJA3,,,2
High,A0A0H3NA23,,,1
High,A0A0H3NC72,,,3
High,A0A0H3NEN4,1,2,
High,A0A0H3N998,1,1,1
High,A0A0H3NDA1,1,2,
High,A0A0H3NIW7,1,1,
High,A0A0H3NUQ2,,2,
High,A0A0H3N7L3,,1,
High,A0A0H3NG42,,2,
High,A0A0H3NXW9,1,1,
High,A0A0H3NFY0,,1,
High,A0A0H3N9L8,1,1,
High,A0A0H3N989,,,1
High,A0A0H3NLZ6,2,1,1
High,A0A0H3NHV1,1,,1
High,A0A0H3NIN0,1,1,
High,A0A0H3NBA3,2,2,5
High,A0A0H3N9G8,1,2,
High,A0A0H3NGM5,1,1,
High,A0A0H3NYP6,,,1
High,A0A0H3NEU9,,2,1
High,A0A0H3NDH3,1,,
High,A0A0H3NFU4,,1,
High,A0A0H3NXB3,,,1
High,A0A0H3N9U1,3,3,3
High,A0A0H3NM05,3,3,1
High,A0A0H3NF20,,2,
High,A0A0H3NIR7,,1,
High,A0A0H3NMI9,1,,
High,A0A0H3N9R6,,,1
High,A0A0H3NJ62,1,3,
High,A0A0H3NKM8,1,,
High,A0A0H3NEI3,1,,
High,A0A0H3NFD5,1,,
High,A0A0H3N7Y3,1,3,
High,A0A0H3NKD6,1,,
High,A0A0H3NQX3,,1,
High,A0A0H3NIY8,2,,2
High,A0A0H3NQ78,,,2
High,A0A0H3NNA9,,2,
High,A0A0H3NS59,,1,
High,A0A0H3ND31,,1,
High,A0A0H3NKM3,,,2
High,A0A0H3NGE8,,,3
High,A0A0H3NSC5,,,1
High,A0A0H3NJZ3,,,1
High,A0A0H3P003,,1,1
High,A0A0H3NIU3,,1,
High,A0A0H3NA52,3,,
High,A0A0H3NAG4,,1,1
Medium,A0A0H3NJI2,1,,
Medium,A0A0H3NFL1,,1,
Medium,A0A0H3NBJ8,2,3,2
Medium,A0A0H3NCG5,,,1
Medium,A0A0H3NFK4,,1,
Medium,A0A0H3NG97,,,2
Medium,A0A0H3NG99,,1,
Medium,A0A0H3NEN9,2,,1
Medium,A0A0H3NQW0,2,2,2
Medium,A0A0H3NI72,1,1,
Medium,A0A0H3NR12,2,3,1
Medium,A0A0H3N7M5,1,,2
Medium,A0A0H3NN29,1,,
Medium,A0A0H3NM91,3,3,3
Medium,A0A0H3NKW4,,1,
Medium,A0A0H3NNT9,2,1,
Medium,A0A0H3NH21,1,1,1
Medium,A0A0H3NHL7,1,1,
Medium,A0A0H3NF62,,,1
Medium,A0A0H3NHU7,2,2,
Medium,A0A0H3N8F5,,1,
Medium,A0A0H3NN34,,1,
Medium,A0A0H3NKM4,3,3,3
Medium,A0A0H3NMA9,1,,
Medium,A0A0H3NP54,,,2
Medium,A0A0H3NIH4,1,,
Medium,A0A0H3NDC9,,,1
Medium,A0A0H3NJ12,1,,
Medium,A0A0H3NC83,3,2,1
Medium,A0A0H3NZZ6,1,1,
Medium,A0A0H3NFI9,2,1,
Medium,A0A0H3NM01,,3,
Medium,A0A0H3NGX4,4,4,
Medium,A0A0H3NCR6,,,1
Medium,A0A0H3NBX7,1,,
Medium,A0A0H3NQI3,,,1
Medium,A0A0H3NLK2,2,1,1
Medium,A0A0H3NLT8,1,,
Medium,A0A0H3NE20,2,,
Medium,A0A0H3NHF7,,1,
Medium,A0A0H3NAB4,,1,
Medium,A0A0H3NIV7,1,,
Medium,A0A0H3NGH4,,,1
Medium,A0A0H3NG92,,,1
Medium,A0A0H3NCA2,3,3,3
Medium,A0A0H3NXL9,,,1
Medium,A0A0H3NHN5,2,,
Medium,A0A0H3NCZ0,,,2
Medium,A0A0H3NCU3,,1,
Medium,A0A0H3NI62,,1,
Medium,A0A0H3NAZ2,,,1
Medium,A0A0H3NEH9,1,1,
Medium,A0A0H3NGZ7,1,,
Medium,A0A0H3NH84,2,2,3
Medium,A0A0H3NM30,,1,
Medium,A0A0H3NE19,1,,2
Medium,A0A0H3NMN8,2,1,
Medium,A0A0H3N915,1,,
Medium,A0A0H3NI46,3,3,3
Medium,A0A0H3NIC1,2,1,
Medium,A0A0H3P026,,2,
Medium,E1W822,3,3,1
Medium,A0A0H3NA04,,1,
Medium,A0A0H3P024,,1,1
Medium,A0A0H3N7H8,,1,
Medium,A0A0H3NK54,,,1
Medium,A0A0H3NBR9,1,2,1
Medium,A0A0H3NKE6,1,1,
Medium,A0A0H3NX86,1,,
Medium,A0A0H3NYA0,1,2,
Medium,A0A0H3NGD1,,,1
Medium,A0A0H3NJ37,1,1,
Medium,A0A0H3NEW3,1,,
Medium,A0A0H3NDK3,,1,
Medium,A0A0H3NFB9,1,1,
Medium,A0A0H3N7J9,,1,1
Medium,A0A0H3NH28,1,1,
Medium,A0A0H3NII7,1,,
Medium,A0A0H3NEJ9,,,1
Medium,A0A0H3N8X1,,1,
Medium,A0A0H3NPA7,1,1,
Medium,A0A0H3NCT6,,1,1
Medium,A0A0H3NFB0,,1,
Medium,A0A0H3NNG9,,1,
Medium,A0A0H3NQ68,,1,
Medium,A0A0H3NAN1,,1,
Medium,A0A0H3NHL5,,,1
Medium,A0A0H3NYD6,1,,1
Medium,A0A0H3NXJ8,,,1
Medium,A0A0H3P067,,1,
Medium,A0A0H3NTE6,1,1,
Medium,A0A0H3NI55,1,2,
Medium,A0A0H3NC09,1,1,
Medium,A0A0H3NKG6,,1,1
Medium,A0A0H3NEA1,1,,
Medium,A0A0H3NVJ1,1,,
Medium,A0A0H3NE26,1,,
Medium,A0A0H3NDY4,1,,1
Medium,A0A0H3NHA9,,1,
Medium,A0A0H3NJ48,,,1
Medium,E1W8M5,,,1
Medium,A0A0H3NIU4,1,,
Medium,A0A0H3N7R6,1,,
Medium,A0A0G2QBP7,1,1,
Medium,A0A0H3NIF3,,1,
Medium,A0A0H3N9S9,1,1,
Medium,A0A0H3N7Q7,1,,
Medium,A0A0H3NMJ9,1,1,
Medium,A0A0H3NLZ0,2,2,
Medium,A0A0H3NEQ8,,1,
Medium,A0A0H3NJH2,,1,
Medium,A0A0H3NHU0,,1,
Medium,A0A0H3NA86,2,,
Medium,A0A0H3N9I2,,,1
Medium,A0A0H3NCH4,,,1
Low,A0A0H3NH92,,1,
Low,A0A0H3NJU5,,,1
Low,A0A0H3NDM9,,,1
Low,A0A0H3NJB7,,1,1
Low,A0A0H3NCN0,2,1,2
Low,A0A0H3NI87,,1,
Low,A0A0H3NH22,,1,
Low,A0A0H3NVZ4,,,1
Low,A0A0H3NNM5,1,1,
Low,A0A0H3NHW9,,1,
Low,A0A0H3NBE7,,,1
Low,A0A0H3NCI5,1,,
Low,A0A0H3NJI5,,,1
Low,A0A0H3NAU1,,,1
Low,A0A0H3NTV7,1,,
Low,A0A0H3NGL8,,1,
Low,A0A0H3NJX2,,,1
Low,A0A0H3NGE6,,1,
Low,A0A0H3NZY8,,1,
Low,A0A0H3N8S1,1,,
Low,A0A0H3NYB0,,1,
Low,A0A0H3NI44,,,1
Low,A0A0H3NHM5,1,,
Low,A0A0H3NJ71,,1,
Low,A0A0H3N900,,,1
Low,A0A0H3NG84,2,1,
Low,A0A0H3NH26,1,,
Low,A0A0H3NE15,,1,
Low,A0A0H3NHD7,1,,
Low,A0A0H3NHM1,,,1
Low,A0A0H3NBR1,,1,
Low,A0A0H3N7S0,1,,
Low,A0A0H3NLK5,1,,
Low,A0A0H3NFF0,,1,
Low,A0A0H3ND84,,1,
Low,A0A0H3NJV8,,1,
Low,A0A0H3NC27,1,1,
Low,A0A0H3NHB6,,1,
Low,A0A0H3NGH2,1,,
Low,A0A0H3NQA5,,,1
Low,A0A0H3NBT9,,,1
Low,A0A0H3NGY4,,1,
Low,A0A0H3NIB8,,,2
Low,A0A0H3NKS9,1,,
Low,A0A0H3N8C9,,,1
Low,A0A0H3NNP8,1,,1
Low,A0A0H3NJV1,,1,
Low,A0A0H3NGK2,,,1
Low,A0A0H3NDM0,1,,1
Low,A0A0H3NAT2,,1,
Low,A0A0H3NQY8,,,1
Low,A0A0H3NXV2,1,,
Low,A0A0H3NNA3,,,1
Low,A0A0H3N7N7,1,,
Low,A0A0H3N8X7,2,,
Low,A0A0H3NCV1,,,1
Low,A0A0H3NFC5,,,1
Low,A0A0H3NPV8,,,1
Low,A0A0H3NCN9,,,1
